full_date,staff_id,staff_name,store_name,total_orders,total_revenue
1/1/2020,2,Mireya Copeland,Santa Cruz Bikes,1,10231.04
1/1/2020,6,Marcelene Boyer,Baldwin Bikes,1,1697.97
1/2/2020,7,Venita Daniel,Baldwin Bikes,1,1519.98
1/3/2020,3,Genna Serrano,Santa Cruz Bikes,1,1349.98
1/3/2020,5,Jannette David,Baldwin Bikes,1,3900.06
1/4/2020,5,Jannette David,Baldwin Bikes,1,9442.5
1/4/2020,6,Marcelene Boyer,Baldwin Bikes,1,2165.08
1/4/2020,7,Venita Daniel,Baldwin Bikes,1,1372.47
1/5/2020,1,Fabiola Jackson,Santa Cruz Bikes,1,7199.98
1/5/2020,6,Marcelene Boyer,Baldwin Bikes,1,242.99
1/5/2020,7,Venita Daniel,Baldwin Bikes,1,3155.95
1/6/2020,2,Mireya Copeland,Santa Cruz Bikes,1,6816.92
1/7/2020,7,Venita Daniel,Baldwin Bikes,2,9477.33
1/8/2020,6,Marcelene Boyer,Baldwin Bikes,1,3278.05
1/9/2020,4,Virgie Wiggins,Santa Cruz Bikes,1,437.09
1/9/2020,5,Jannette David,Baldwin Bikes,1,4030.05
1/12/2020,1,Fabiola Jackson,Santa Cruz Bikes,1,2449.75
1/12/2020,4,Virgie Wiggins,Santa Cruz Bikes,1,4092.85
1/14/2020,1,Fabiola Jackson,Santa Cruz Bikes,1,5671.13
1/14/2020,2,Mireya Copeland,Santa Cruz Bikes,1,6240.55
1/14/2020,3,Genna Serrano,Santa Cruz Bikes,1,11406.42
1/15/2020,6,Marcelene Boyer,Baldwin Bikes,1,2083.16
1/16/2020,1,Fabiola Jackson,Santa Cruz Bikes,1,6265.95
1/16/2020,4,Virgie Wiggins,Santa Cruz Bikes,1,1104.47
1/18/2020,5,Jannette David,Baldwin Bikes,1,2635.12
1/18/2020,6,Marcelene Boyer,Baldwin Bikes,1,3633.35
1/18/2020,7,Venita Daniel,Baldwin Bikes,1,5342.15
1/19/2020,5,Jannette David,Baldwin Bikes,1,4205.96
1/19/2020,6,Marcelene Boyer,Baldwin Bikes,1,8587.39
1/20/2020,5,Jannette David,Baldwin Bikes,1,11183.03
1/20/2020,6,Marcelene Boyer,Baldwin Bikes,1,3859.92
1/20/2020,8,Kali Vargas,Rowlett Bikes,1,7993.86
1/21/2020,3,Genna Serrano,Santa Cruz Bikes,1,5270.94
1/21/2020,6,Marcelene Boyer,Baldwin Bikes,1,4157.97
1/22/2020,6,Marcelene Boyer,Baldwin Bikes,1,6822.58
1/22/2020,7,Venita Daniel,Baldwin Bikes,1,3376.59
1/23/2020,2,Mireya Copeland,Santa Cruz Bikes,1,5644.91
1/25/2020,5,Jannette David,Baldwin Bikes,1,11578.65
1/25/2020,6,Marcelene Boyer,Baldwin Bikes,1,1139.98
1/25/2020,7,Venita Daniel,Baldwin Bikes,1,3768.94
1/27/2020,1,Fabiola Jackson,Santa Cruz Bikes,1,3223.18
1/27/2020,6,Marcelene Boyer,Baldwin Bikes,1,2867.27
1/27/2020,7,Venita Daniel,Baldwin Bikes,2,1957.51
1/28/2020,5,Jannette David,Baldwin Bikes,1,4169.98
1/28/2020,7,Venita Daniel,Baldwin Bikes,1,5404.05
1/29/2020,5,Jannette David,Baldwin Bikes,1,2069.45
1/29/2020,7,Venita Daniel,Baldwin Bikes,1,386.1
1/30/2020,7,Venita Daniel,Baldwin Bikes,1,6712.84
1/31/2020,3,Genna Serrano,Santa Cruz Bikes,1,2497.95
1/31/2020,5,Jannette David,Baldwin Bikes,1,502.18
2/1/2020,7,Venita Daniel,Baldwin Bikes,1,1786.46
2/3/2020,4,Virgie Wiggins,Santa Cruz Bikes,1,464.99
2/3/2020,6,Marcelene Boyer,Baldwin Bikes,1,4781.93
2/4/2020,6,Marcelene Boyer,Baldwin Bikes,2,3020.43
2/4/2020,7,Venita Daniel,Baldwin Bikes,2,3269.44
2/5/2020,5,Jannette David,Baldwin Bikes,1,1200.54
2/5/2020,7,Venita Daniel,Baldwin Bikes,1,1703.68
2/6/2020,3,Genna Serrano,Santa Cruz Bikes,1,3831.85
2/6/2020,7,Venita Daniel,Baldwin Bikes,1,3570.55
2/7/2020,2,Mireya Copeland,Santa Cruz Bikes,1,3977.05
2/7/2020,5,Jannette David,Baldwin Bikes,1,2653.07
2/7/2020,6,Marcelene Boyer,Baldwin Bikes,1,2801.93
2/8/2020,6,Marcelene Boyer,Baldwin Bikes,1,494.99
2/9/2020,7,Venita Daniel,Baldwin Bikes,1,1390.47
2/9/2020,8,Kali Vargas,Rowlett Bikes,1,4422.94
2/10/2020,2,Mireya Copeland,Santa Cruz Bikes,1,888.28
2/10/2020,7,Venita Daniel,Baldwin Bikes,1,3014.32
2/11/2020,5,Jannette David,Baldwin Bikes,1,1984.07
2/11/2020,9,Layla Terrell,Rowlett Bikes,1,2829.17
2/12/2020,1,Fabiola Jackson,Santa Cruz Bikes,1,1806.41
2/12/2020,5,Jannette David,Baldwin Bikes,1,4196.02
2/13/2020,7,Venita Daniel,Baldwin Bikes,1,1577.07
2/14/2020,6,Marcelene Boyer,Baldwin Bikes,1,8763.96
2/16/2020,2,Mireya Copeland,Santa Cruz Bikes,1,2427.95
2/16/2020,6,Marcelene Boyer,Baldwin Bikes,1,4776.79
2/16/2020,7,Venita Daniel,Baldwin Bikes,1,2052.35
2/17/2020,1,Fabiola Jackson,Santa Cruz Bikes,1,7568.05
2/17/2020,5,Jannette David,Baldwin Bikes,1,3998.36
2/17/2020,6,Marcelene Boyer,Baldwin Bikes,1,1378.18
2/18/2020,6,Marcelene Boyer,Baldwin Bikes,1,3589.56
2/19/2020,3,Genna Serrano,Santa Cruz Bikes,1,2379.97
2/20/2020,5,Jannette David,Baldwin Bikes,1,1543.76
2/20/2020,7,Venita Daniel,Baldwin Bikes,1,5927.55
2/21/2020,5,Jannette David,Baldwin Bikes,1,8280.54
2/21/2020,6,Marcelene Boyer,Baldwin Bikes,1,1499.96
2/21/2020,7,Venita Daniel,Baldwin Bikes,1,6866.93
2/21/2020,10,Bernardine Houston,Rowlett Bikes,1,2100.92
2/23/2020,7,Venita Daniel,Baldwin Bikes,1,1337.08
2/25/2020,4,Virgie Wiggins,Santa Cruz Bikes,1,3475.84
2/25/2020,5,Jannette David,Baldwin Bikes,1,1619.99
2/26/2020,4,Virgie Wiggins,Santa Cruz Bikes,1,4633.85
2/27/2020,2,Mireya Copeland,Santa Cruz Bikes,1,4689.45
2/27/2020,5,Jannette David,Baldwin Bikes,1,824.98
2/27/2020,7,Venita Daniel,Baldwin Bikes,1,6902.46
2/28/2020,2,Mireya Copeland,Santa Cruz Bikes,1,2813.55
2/28/2020,6,Marcelene Boyer,Baldwin Bikes,1,1692.53
2/29/2020,9,Layla Terrell,Rowlett Bikes,1,9301.93
3/1/2020,7,Venita Daniel,Baldwin Bikes,1,12420.71
3/1/2020,8,Kali Vargas,Rowlett Bikes,1,879.98
3/2/2020,5,Jannette David,Baldwin Bikes,1,754.58
3/3/2020,1,Fabiola Jackson,Santa Cruz Bikes,1,8062.12
3/3/2020,5,Jannette David,Baldwin Bikes,1,6489.56
3/3/2020,7,Venita Daniel,Baldwin Bikes,1,1378.19
3/4/2020,9,Layla Terrell,Rowlett Bikes,1,872.08
3/6/2020,4,Virgie Wiggins,Santa Cruz Bikes,1,845.18
3/6/2020,6,Marcelene Boyer,Baldwin Bikes,2,4078.12
3/6/2020,10,Bernardine Houston,Rowlett Bikes,1,242.99
3/7/2020,6,Marcelene Boyer,Baldwin Bikes,1,1265.97
3/8/2020,6,Marcelene Boyer,Baldwin Bikes,2,8315.36
3/8/2020,7,Venita Daniel,Baldwin Bikes,1,1705.96
3/9/2020,7,Venita Daniel,Baldwin Bikes,1,620.09
3/10/2020,5,Jannette David,Baldwin Bikes,1,569.99
3/10/2020,6,Marcelene Boyer,Baldwin Bikes,1,1644.51
3/12/2020,2,Mireya Copeland,Santa Cruz Bikes,1,5909.61
3/12/2020,5,Jannette David,Baldwin Bikes,1,474.99
3/14/2020,6,Marcelene Boyer,Baldwin Bikes,2,9750.7
3/14/2020,7,Venita Daniel,Baldwin Bikes,1,5716.59
3/15/2020,6,Marcelene Boyer,Baldwin Bikes,1,989.98
3/16/2020,1,Fabiola Jackson,Santa Cruz Bikes,1,10866.96
3/16/2020,6,Marcelene Boyer,Baldwin Bikes,1,386.1
3/16/2020,7,Venita Daniel,Baldwin Bikes,1,5699.98
3/17/2020,8,Kali Vargas,Rowlett Bikes,1,6332.94
3/18/2020,6,Marcelene Boyer,Baldwin Bikes,1,8309.93
3/19/2020,5,Jannette David,Baldwin Bikes,1,3104.09
3/19/2020,6,Marcelene Boyer,Baldwin Bikes,1,3027.03
3/19/2020,9,Layla Terrell,Rowlett Bikes,1,6815.94
3/20/2020,3,Genna Serrano,Santa Cruz Bikes,1,4694.96
3/20/2020,7,Venita Daniel,Baldwin Bikes,2,3767.29
3/21/2020,5,Jannette David,Baldwin Bikes,1,4475.46
3/21/2020,10,Bernardine Houston,Rowlett Bikes,1,8299.96
3/23/2020,5,Jannette David,Baldwin Bikes,1,1765.13
3/23/2020,7,Venita Daniel,Baldwin Bikes,3,4447.91
3/25/2020,7,Venita Daniel,Baldwin Bikes,1,359.2
3/26/2020,1,Fabiola Jackson,Santa Cruz Bikes,1,4523.33
3/26/2020,5,Jannette David,Baldwin Bikes,1,375.99
3/26/2020,7,Venita Daniel,Baldwin Bikes,1,3419.98
3/27/2020,6,Marcelene Boyer,Baldwin Bikes,1,6744.77
3/28/2020,3,Genna Serrano,Santa Cruz Bikes,1,4765.42
3/28/2020,6,Marcelene Boyer,Baldwin Bikes,2,1781.65
3/28/2020,7,Venita Daniel,Baldwin Bikes,1,959.98
3/29/2020,2,Mireya Copeland,Santa Cruz Bikes,1,5728.93
3/29/2020,4,Virgie Wiggins,Santa Cruz Bikes,1,926.09
3/29/2020,6,Marcelene Boyer,Baldwin Bikes,1,2299.94
3/30/2020,6,Marcelene Boyer,Baldwin Bikes,1,3238.96
3/31/2020,2,Mireya Copeland,Santa Cruz Bikes,1,494.99
4/2/2020,6,Marcelene Boyer,Baldwin Bikes,1,1619.99
4/3/2020,3,Genna Serrano,Santa Cruz Bikes,1,1970.59
4/3/2020,8,Kali Vargas,Rowlett Bikes,1,10049.97
4/4/2020,2,Mireya Copeland,Santa Cruz Bikes,1,215.99
4/4/2020,7,Venita Daniel,Baldwin Bikes,2,12521.46
4/4/2020,9,Layla Terrell,Rowlett Bikes,1,494.99
4/6/2020,3,Genna Serrano,Santa Cruz Bikes,1,2719.73
4/6/2020,5,Jannette David,Baldwin Bikes,1,854.19
4/7/2020,5,Jannette David,Baldwin Bikes,2,16041.8
4/7/2020,7,Venita Daniel,Baldwin Bikes,1,4639.98
4/7/2020,8,Kali Vargas,Rowlett Bikes,1,4624.93
4/8/2020,4,Virgie Wiggins,Santa Cruz Bikes,1,6462.46
4/8/2020,6,Marcelene Boyer,Baldwin Bikes,1,4132.99
4/8/2020,7,Venita Daniel,Baldwin Bikes,1,9874.65
4/9/2020,3,Genna Serrano,Santa Cruz Bikes,1,5004.59
4/10/2020,5,Jannette David,Baldwin Bikes,2,10997.46
4/11/2020,1,Fabiola Jackson,Santa Cruz Bikes,1,1709.99
4/11/2020,7,Venita Daniel,Baldwin Bikes,1,758.98
4/11/2020,10,Bernardine Houston,Rowlett Bikes,1,1876.46
4/12/2020,2,Mireya Copeland,Santa Cruz Bikes,1,1240.18
4/13/2020,2,Mireya Copeland,Santa Cruz Bikes,1,3292.42
4/15/2020,7,Venita Daniel,Baldwin Bikes,1,5224.54
4/16/2020,2,Mireya Copeland,Santa Cruz Bikes,1,1079.98
4/16/2020,6,Marcelene Boyer,Baldwin Bikes,1,4318.45
4/17/2020,5,Jannette David,Baldwin Bikes,1,557.99
4/17/2020,6,Marcelene Boyer,Baldwin Bikes,1,3372.13
4/18/2020,3,Genna Serrano,Santa Cruz Bikes,1,4877.4
4/18/2020,5,Jannette David,Baldwin Bikes,1,1972.96
4/19/2020,5,Jannette David,Baldwin Bikes,1,4551.1
4/19/2020,7,Venita Daniel,Baldwin Bikes,1,3751.87
4/20/2020,1,Fabiola Jackson,Santa Cruz Bikes,1,2249.98
4/21/2020,5,Jannette David,Baldwin Bikes,1,3032.98
4/22/2020,5,Jannette David,Baldwin Bikes,1,7439.98
4/22/2020,6,Marcelene Boyer,Baldwin Bikes,1,1254.94
4/23/2020,2,Mireya Copeland,Santa Cruz Bikes,1,959.98
4/23/2020,5,Jannette David,Baldwin Bikes,1,2546.46
4/27/2020,2,Mireya Copeland,Santa Cruz Bikes,1,5989.93
4/27/2020,7,Venita Daniel,Baldwin Bikes,1,7918.84
4/28/2020,3,Genna Serrano,Santa Cruz Bikes,1,989.98
4/28/2020,5,Jannette David,Baldwin Bikes,1,7855.24
4/28/2020,6,Marcelene Boyer,Baldwin Bikes,1,6239.09
4/28/2020,7,Venita Daniel,Baldwin Bikes,1,431.98
4/30/2020,7,Venita Daniel,Baldwin Bikes,1,6034.96
5/1/2020,6,Marcelene Boyer,Baldwin Bikes,2,6881.63
5/1/2020,7,Venita Daniel,Baldwin Bikes,1,4105.11
5/1/2020,10,Bernardine Houston,Rowlett Bikes,1,4616.01
5/3/2020,2,Mireya Copeland,Santa Cruz Bikes,1,4038.5
5/3/2020,8,Kali Vargas,Rowlett Bikes,1,3891.51
5/4/2020,5,Jannette David,Baldwin Bikes,1,1502.96
5/4/2020,7,Venita Daniel,Baldwin Bikes,1,1646.38
5/4/2020,9,Layla Terrell,Rowlett Bikes,1,954.98
5/5/2020,5,Jannette David,Baldwin Bikes,1,12461.54
5/6/2020,7,Venita Daniel,Baldwin Bikes,1,10620.04
5/7/2020,5,Jannette David,Baldwin Bikes,1,2835.55
5/7/2020,6,Marcelene Boyer,Baldwin Bikes,4,17161.99
5/8/2020,6,Marcelene Boyer,Baldwin Bikes,1,5600.05
5/8/2020,10,Bernardine Houston,Rowlett Bikes,1,242.99
5/10/2020,5,Jannette David,Baldwin Bikes,1,242.99
5/10/2020,7,Venita Daniel,Baldwin Bikes,1,1407.55
5/11/2020,3,Genna Serrano,Santa Cruz Bikes,1,1625.96
5/11/2020,7,Venita Daniel,Baldwin Bikes,1,3591.27
5/12/2020,5,Jannette David,Baldwin Bikes,1,1626.78
5/12/2020,6,Marcelene Boyer,Baldwin Bikes,1,3443.93
5/12/2020,7,Venita Daniel,Baldwin Bikes,1,2123.56
5/13/2020,2,Mireya Copeland,Santa Cruz Bikes,1,3126.64
5/13/2020,6,Marcelene Boyer,Baldwin Bikes,1,2744.08
5/15/2020,7,Venita Daniel,Baldwin Bikes,1,10216.23
5/17/2020,2,Mireya Copeland,Santa Cruz Bikes,1,712.49
5/17/2020,3,Genna Serrano,Santa Cruz Bikes,1,6416.26
5/17/2020,4,Virgie Wiggins,Santa Cruz Bikes,1,2942.98
5/17/2020,7,Venita Daniel,Baldwin Bikes,2,7765.4
5/19/2020,5,Jannette David,Baldwin Bikes,1,5893.54
5/19/2020,6,Marcelene Boyer,Baldwin Bikes,2,7744.39
5/20/2020,3,Genna Serrano,Santa Cruz Bikes,1,7967.41
5/21/2020,6,Marcelene Boyer,Baldwin Bikes,1,2748.74
5/22/2020,5,Jannette David,Baldwin Bikes,1,8069.65
5/24/2020,6,Marcelene Boyer,Baldwin Bikes,1,8550.05
5/25/2020,5,Jannette David,Baldwin Bikes,1,2465.45
5/25/2020,6,Marcelene Boyer,Baldwin Bikes,1,8429.94
5/26/2020,5,Jannette David,Baldwin Bikes,1,6089.93
5/27/2020,5,Jannette David,Baldwin Bikes,1,3199.99
5/27/2020,6,Marcelene Boyer,Baldwin Bikes,1,6527.64
5/27/2020,7,Venita Daniel,Baldwin Bikes,1,799.99
5/27/2020,8,Kali Vargas,Rowlett Bikes,1,9385.1
5/27/2020,9,Layla Terrell,Rowlett Bikes,1,7404.51
5/28/2020,6,Marcelene Boyer,Baldwin Bikes,1,1060.55
5/29/2020,5,Jannette David,Baldwin Bikes,1,4563.09
5/30/2020,1,Fabiola Jackson,Santa Cruz Bikes,1,1264.98
5/30/2020,6,Marcelene Boyer,Baldwin Bikes,1,686.4
5/30/2020,7,Venita Daniel,Baldwin Bikes,1,4109.06
6/1/2020,6,Marcelene Boyer,Baldwin Bikes,1,8696.07
6/1/2020,7,Venita Daniel,Baldwin Bikes,2,4833.84
6/1/2020,8,Kali Vargas,Rowlett Bikes,1,6126.87
6/2/2020,6,Marcelene Boyer,Baldwin Bikes,1,3126.64
6/3/2020,7,Venita Daniel,Baldwin Bikes,2,6391.51
6/4/2020,7,Venita Daniel,Baldwin Bikes,1,1769.38
6/5/2020,3,Genna Serrano,Santa Cruz Bikes,1,7045.15
6/6/2020,5,Jannette David,Baldwin Bikes,1,6961.09
6/6/2020,6,Marcelene Boyer,Baldwin Bikes,1,2599.16
6/6/2020,7,Venita Daniel,Baldwin Bikes,1,5225.94
6/7/2020,5,Jannette David,Baldwin Bikes,1,689.48
6/7/2020,6,Marcelene Boyer,Baldwin Bikes,1,2915.1
6/8/2020,2,Mireya Copeland,Santa Cruz Bikes,1,2155.17
6/8/2020,9,Layla Terrell,Rowlett Bikes,1,6397.47
6/9/2020,6,Marcelene Boyer,Baldwin Bikes,1,5014.96
6/10/2020,4,Virgie Wiggins,Santa Cruz Bikes,1,5098.14
6/10/2020,7,Venita Daniel,Baldwin Bikes,2,6508.35
6/11/2020,1,Fabiola Jackson,Santa Cruz Bikes,1,7251.96
6/11/2020,3,Genna Serrano,Santa Cruz Bikes,1,9163.42
6/12/2020,5,Jannette David,Baldwin Bikes,1,3163.04
6/12/2020,7,Venita Daniel,Baldwin Bikes,1,1276.97
6/13/2020,5,Jannette David,Baldwin Bikes,1,11462.59
6/15/2020,7,Venita Daniel,Baldwin Bikes,1,2958.3
6/16/2020,7,Venita Daniel,Baldwin Bikes,1,242.99
6/17/2020,5,Jannette David,Baldwin Bikes,1,9673.84
6/17/2020,7,Venita Daniel,Baldwin Bikes,1,8476.52
6/18/2020,6,Marcelene Boyer,Baldwin Bikes,1,7587.51
6/19/2020,7,Venita Daniel,Baldwin Bikes,1,2197.95
6/20/2020,3,Genna Serrano,Santa Cruz Bikes,1,4692.86
6/21/2020,5,Jannette David,Baldwin Bikes,2,8642.04
6/21/2020,7,Venita Daniel,Baldwin Bikes,1,1832.06
6/22/2020,10,Bernardine Houston,Rowlett Bikes,1,11013.93
6/23/2020,2,Mireya Copeland,Santa Cruz Bikes,1,3809.97
6/23/2020,7,Venita Daniel,Baldwin Bikes,1,1359.97
6/25/2020,4,Virgie Wiggins,Santa Cruz Bikes,1,2337.46
6/25/2020,6,Marcelene Boyer,Baldwin Bikes,3,21267.03
6/27/2020,6,Marcelene Boyer,Baldwin Bikes,1,1034.28
6/28/2020,5,Jannette David,Baldwin Bikes,1,4095.01
6/29/2020,6,Marcelene Boyer,Baldwin Bikes,1,1395.16
6/29/2020,9,Layla Terrell,Rowlett Bikes,1,6448.29
6/30/2020,7,Venita Daniel,Baldwin Bikes,1,1229.09
7/7/2020,6,Marcelene Boyer,Baldwin Bikes,1,9211.52
7/7/2020,7,Venita Daniel,Baldwin Bikes,2,7928.5
7/13/2020,5,Jannette David,Baldwin Bikes,1,2687.14
7/14/2020,10,Bernardine Houston,Rowlett Bikes,1,5578.13
7/15/2020,7,Venita Daniel,Baldwin Bikes,1,11950.47
7/16/2020,6,Marcelene Boyer,Baldwin Bikes,1,4044.78
7/17/2020,5,Jannette David,Baldwin Bikes,1,2431.16
7/17/2020,7,Venita Daniel,Baldwin Bikes,2,7722.66
7/18/2020,5,Jannette David,Baldwin Bikes,1,3018.28
7/19/2020,2,Mireya Copeland,Santa Cruz Bikes,1,674.99
7/19/2020,6,Marcelene Boyer,Baldwin Bikes,3,8745.18
7/20/2020,5,Jannette David,Baldwin Bikes,1,3074.2
7/20/2020,6,Marcelene Boyer,Baldwin Bikes,1,4991.96
7/20/2020,9,Layla Terrell,Rowlett Bikes,1,773.98
7/21/2020,6,Marcelene Boyer,Baldwin Bikes,1,4029.06
7/23/2020,5,Jannette David,Baldwin Bikes,1,845.98
7/24/2020,5,Jannette David,Baldwin Bikes,1,512.98
7/24/2020,6,Marcelene Boyer,Baldwin Bikes,2,6473.3
7/24/2020,7,Venita Daniel,Baldwin Bikes,1,853.1
7/25/2020,5,Jannette David,Baldwin Bikes,1,5709.95
7/25/2020,6,Marcelene Boyer,Baldwin Bikes,2,7079.17
7/26/2020,7,Venita Daniel,Baldwin Bikes,2,6231.52
7/28/2020,3,Genna Serrano,Santa Cruz Bikes,1,8534.37
7/28/2020,7,Venita Daniel,Baldwin Bikes,1,1249.97
7/29/2020,5,Jannette David,Baldwin Bikes,1,6416.59
7/31/2020,1,Fabiola Jackson,Santa Cruz Bikes,1,569.98
7/31/2020,7,Venita Daniel,Baldwin Bikes,2,9376.92
8/1/2020,5,Jannette David,Baldwin Bikes,1,1307.62
8/1/2020,6,Marcelene Boyer,Baldwin Bikes,1,1831.18
8/1/2020,9,Layla Terrell,Rowlett Bikes,1,2090.66
8/2/2020,6,Marcelene Boyer,Baldwin Bikes,1,278.99
8/2/2020,8,Kali Vargas,Rowlett Bikes,1,3495.66
8/3/2020,1,Fabiola Jackson,Santa Cruz Bikes,1,2380.96
8/3/2020,2,Mireya Copeland,Santa Cruz Bikes,1,7482.13
8/3/2020,3,Genna Serrano,Santa Cruz Bikes,1,959.98
8/3/2020,5,Jannette David,Baldwin Bikes,1,1560.78
8/3/2020,7,Venita Daniel,Baldwin Bikes,1,1199.98
8/3/2020,10,Bernardine Houston,Rowlett Bikes,2,1684.71
8/4/2020,6,Marcelene Boyer,Baldwin Bikes,1,3581.46
8/5/2020,7,Venita Daniel,Baldwin Bikes,1,5588.34
8/5/2020,9,Layla Terrell,Rowlett Bikes,1,4678.76
8/7/2020,6,Marcelene Boyer,Baldwin Bikes,1,7932.94
8/7/2020,7,Venita Daniel,Baldwin Bikes,1,12965.74
8/8/2020,5,Jannette David,Baldwin Bikes,1,3403.85
8/9/2020,4,Virgie Wiggins,Santa Cruz Bikes,1,697.49
8/13/2020,6,Marcelene Boyer,Baldwin Bikes,1,1022.98
8/13/2020,9,Layla Terrell,Rowlett Bikes,1,3899.96
8/14/2020,5,Jannette David,Baldwin Bikes,1,4447.72
8/14/2020,7,Venita Daniel,Baldwin Bikes,1,4279.57
8/15/2020,3,Genna Serrano,Santa Cruz Bikes,1,2881.14
8/15/2020,5,Jannette David,Baldwin Bikes,1,655.98
8/15/2020,7,Venita Daniel,Baldwin Bikes,1,6169.96
8/16/2020,5,Jannette David,Baldwin Bikes,1,3271.81
8/16/2020,7,Venita Daniel,Baldwin Bikes,1,5119.35
8/17/2020,2,Mireya Copeland,Santa Cruz Bikes,1,5114.09
8/17/2020,5,Jannette David,Baldwin Bikes,2,10338
8/17/2020,6,Marcelene Boyer,Baldwin Bikes,1,1934.96
8/17/2020,9,Layla Terrell,Rowlett Bikes,1,1139.98
8/18/2020,5,Jannette David,Baldwin Bikes,1,3269.98
8/19/2020,5,Jannette David,Baldwin Bikes,1,502.18
8/19/2020,7,Venita Daniel,Baldwin Bikes,1,3763.87
8/20/2020,5,Jannette David,Baldwin Bikes,2,9720.56
8/20/2020,6,Marcelene Boyer,Baldwin Bikes,2,8871.02
8/20/2020,7,Venita Daniel,Baldwin Bikes,1,5478.94
8/20/2020,8,Kali Vargas,Rowlett Bikes,1,359.2
8/21/2020,8,Kali Vargas,Rowlett Bikes,1,3430.96
8/22/2020,3,Genna Serrano,Santa Cruz Bikes,1,8281.3
8/22/2020,9,Layla Terrell,Rowlett Bikes,1,10574.96
8/23/2020,1,Fabiola Jackson,Santa Cruz Bikes,1,2385.96
8/23/2020,9,Layla Terrell,Rowlett Bikes,1,4810.55
8/25/2020,6,Marcelene Boyer,Baldwin Bikes,1,751.98
8/26/2020,3,Genna Serrano,Santa Cruz Bikes,1,1196.96
8/26/2020,6,Marcelene Boyer,Baldwin Bikes,1,256.49
8/27/2020,6,Marcelene Boyer,Baldwin Bikes,1,2501.76
8/28/2020,7,Venita Daniel,Baldwin Bikes,1,3799.99
8/29/2020,2,Mireya Copeland,Santa Cruz Bikes,1,5080.62
8/29/2020,6,Marcelene Boyer,Baldwin Bikes,1,5022.95
8/29/2020,7,Venita Daniel,Baldwin Bikes,1,3911.86
8/30/2020,6,Marcelene Boyer,Baldwin Bikes,2,5391.08
8/31/2020,3,Genna Serrano,Santa Cruz Bikes,1,8342.93
8/31/2020,6,Marcelene Boyer,Baldwin Bikes,1,4890.36
8/31/2020,7,Venita Daniel,Baldwin Bikes,2,7019.94
9/1/2020,4,Virgie Wiggins,Santa Cruz Bikes,1,3370.57
9/1/2020,6,Marcelene Boyer,Baldwin Bikes,1,7139.95
9/1/2020,7,Venita Daniel,Baldwin Bikes,1,1709.36
9/1/2020,8,Kali Vargas,Rowlett Bikes,1,1734.93
9/2/2020,3,Genna Serrano,Santa Cruz Bikes,1,1837.47
9/2/2020,4,Virgie Wiggins,Santa Cruz Bikes,1,4497.58
9/2/2020,6,Marcelene Boyer,Baldwin Bikes,1,6659.96
9/3/2020,5,Jannette David,Baldwin Bikes,1,3359.74
9/3/2020,7,Venita Daniel,Baldwin Bikes,2,6217.15
9/4/2020,1,Fabiola Jackson,Santa Cruz Bikes,1,1990.16
9/4/2020,6,Marcelene Boyer,Baldwin Bikes,1,1092.48
9/4/2020,9,Layla Terrell,Rowlett Bikes,1,2849.99
9/5/2020,2,Mireya Copeland,Santa Cruz Bikes,1,3540.36
9/5/2020,3,Genna Serrano,Santa Cruz Bikes,1,6611.12
9/6/2020,6,Marcelene Boyer,Baldwin Bikes,1,1139.98
9/6/2020,7,Venita Daniel,Baldwin Bikes,1,4921.15
9/7/2020,5,Jannette David,Baldwin Bikes,1,1006.98
9/7/2020,7,Venita Daniel,Baldwin Bikes,1,1490.29
9/8/2020,3,Genna Serrano,Santa Cruz Bikes,1,689.48
9/8/2020,6,Marcelene Boyer,Baldwin Bikes,2,3315.8
9/9/2020,2,Mireya Copeland,Santa Cruz Bikes,1,3092.94
9/9/2020,5,Jannette David,Baldwin Bikes,1,2329.57
9/10/2020,10,Bernardine Houston,Rowlett Bikes,1,10186.73
9/11/2020,6,Marcelene Boyer,Baldwin Bikes,2,10695.18
9/12/2020,2,Mireya Copeland,Santa Cruz Bikes,1,10078.38
9/12/2020,5,Jannette David,Baldwin Bikes,1,4477.17
9/13/2020,6,Marcelene Boyer,Baldwin Bikes,1,7176.21
9/14/2020,2,Mireya Copeland,Santa Cruz Bikes,1,3533.03
9/16/2020,5,Jannette David,Baldwin Bikes,1,5841.52
9/16/2020,7,Venita Daniel,Baldwin Bikes,1,1189.98
9/16/2020,8,Kali Vargas,Rowlett Bikes,1,6872.94
9/17/2020,5,Jannette David,Baldwin Bikes,1,6229.12
9/17/2020,6,Marcelene Boyer,Baldwin Bikes,1,8474.16
9/18/2020,2,Mireya Copeland,Santa Cruz Bikes,1,1734.93
9/18/2020,4,Virgie Wiggins,Santa Cruz Bikes,1,988.48
9/18/2020,7,Venita Daniel,Baldwin Bikes,1,2827.94
9/19/2020,2,Mireya Copeland,Santa Cruz Bikes,1,5395.24
9/19/2020,5,Jannette David,Baldwin Bikes,1,3997.97
9/19/2020,7,Venita Daniel,Baldwin Bikes,1,1331.97
9/20/2020,8,Kali Vargas,Rowlett Bikes,1,8083.96
9/21/2020,5,Jannette David,Baldwin Bikes,2,3628.83
9/21/2020,7,Venita Daniel,Baldwin Bikes,2,10440.53
9/22/2020,5,Jannette David,Baldwin Bikes,1,3564.96
9/22/2020,7,Venita Daniel,Baldwin Bikes,1,10986.9
9/23/2020,6,Marcelene Boyer,Baldwin Bikes,1,2432.94
9/23/2020,7,Venita Daniel,Baldwin Bikes,1,2849.99
9/23/2020,9,Layla Terrell,Rowlett Bikes,1,1076.93
9/24/2020,4,Virgie Wiggins,Santa Cruz Bikes,1,9278.65
9/25/2020,6,Marcelene Boyer,Baldwin Bikes,2,5999.83
9/25/2020,8,Kali Vargas,Rowlett Bikes,1,4067.66
9/26/2020,7,Venita Daniel,Baldwin Bikes,1,7601.15
9/27/2020,6,Marcelene Boyer,Baldwin Bikes,1,989.98
9/27/2020,8,Kali Vargas,Rowlett Bikes,1,502.18
9/28/2020,6,Marcelene Boyer,Baldwin Bikes,1,1745.96
9/28/2020,7,Venita Daniel,Baldwin Bikes,2,13960.24
9/28/2020,10,Bernardine Houston,Rowlett Bikes,1,4654.95
9/29/2020,3,Genna Serrano,Santa Cruz Bikes,1,9497.17
9/29/2020,5,Jannette David,Baldwin Bikes,1,6784.95
9/30/2020,4,Virgie Wiggins,Santa Cruz Bikes,2,4291.99
9/30/2020,7,Venita Daniel,Baldwin Bikes,2,1520.96
10/1/2020,3,Genna Serrano,Santa Cruz Bikes,1,2197.89
10/1/2020,6,Marcelene Boyer,Baldwin Bikes,1,9408.78
10/1/2020,7,Venita Daniel,Baldwin Bikes,1,2157.91
10/2/2020,2,Mireya Copeland,Santa Cruz Bikes,1,1894.54
10/2/2020,7,Venita Daniel,Baldwin Bikes,1,502.18
10/3/2020,6,Marcelene Boyer,Baldwin Bikes,1,6335.66
10/4/2020,3,Genna Serrano,Santa Cruz Bikes,1,3816.46
10/4/2020,9,Layla Terrell,Rowlett Bikes,1,6947.94
10/5/2020,5,Jannette David,Baldwin Bikes,1,458.98
10/6/2020,2,Mireya Copeland,Santa Cruz Bikes,1,398.97
10/6/2020,5,Jannette David,Baldwin Bikes,3,14527.07
10/6/2020,6,Marcelene Boyer,Baldwin Bikes,1,375.99
10/6/2020,7,Venita Daniel,Baldwin Bikes,1,1382.97
10/6/2020,8,Kali Vargas,Rowlett Bikes,1,3239.98
10/7/2020,6,Marcelene Boyer,Baldwin Bikes,1,1525.15
10/8/2020,2,Mireya Copeland,Santa Cruz Bikes,1,6319.94
10/9/2020,3,Genna Serrano,Santa Cruz Bikes,1,1926.58
10/9/2020,4,Virgie Wiggins,Santa Cruz Bikes,1,1478.96
10/9/2020,5,Jannette David,Baldwin Bikes,1,269.99
10/10/2020,3,Genna Serrano,Santa Cruz Bikes,1,3065.98
10/10/2020,5,Jannette David,Baldwin Bikes,1,929.98
10/10/2020,6,Marcelene Boyer,Baldwin Bikes,2,3110.01
10/11/2020,1,Fabiola Jackson,Santa Cruz Bikes,1,3349.64
10/11/2020,5,Jannette David,Baldwin Bikes,1,1260.97
10/11/2020,7,Venita Daniel,Baldwin Bikes,1,3328.06
10/12/2020,10,Bernardine Houston,Rowlett Bikes,1,256.49
10/13/2020,6,Marcelene Boyer,Baldwin Bikes,1,1973.73
10/14/2020,2,Mireya Copeland,Santa Cruz Bikes,1,2414.96
10/14/2020,6,Marcelene Boyer,Baldwin Bikes,2,4649.97
10/15/2020,4,Virgie Wiggins,Santa Cruz Bikes,1,4776.04
10/15/2020,5,Jannette David,Baldwin Bikes,1,6543.06
10/16/2020,7,Venita Daniel,Baldwin Bikes,1,5989.96
10/17/2020,5,Jannette David,Baldwin Bikes,1,386.1
10/18/2020,7,Venita Daniel,Baldwin Bikes,1,755.97
10/19/2020,6,Marcelene Boyer,Baldwin Bikes,2,8759.82
10/19/2020,7,Venita Daniel,Baldwin Bikes,2,1767.43
10/21/2020,5,Jannette David,Baldwin Bikes,1,6177.77
10/21/2020,6,Marcelene Boyer,Baldwin Bikes,1,502.18
10/22/2020,2,Mireya Copeland,Santa Cruz Bikes,1,8394.47
10/22/2020,5,Jannette David,Baldwin Bikes,1,6065.45
10/23/2020,6,Marcelene Boyer,Baldwin Bikes,1,1272.78
10/23/2020,7,Venita Daniel,Baldwin Bikes,2,8573.2
10/24/2020,5,Jannette David,Baldwin Bikes,1,4503.74
10/25/2020,1,Fabiola Jackson,Santa Cruz Bikes,1,7105.77
10/26/2020,3,Genna Serrano,Santa Cruz Bikes,1,7848.26
10/26/2020,6,Marcelene Boyer,Baldwin Bikes,1,4169.35
10/27/2020,2,Mireya Copeland,Santa Cruz Bikes,1,8359.21
10/28/2020,5,Jannette David,Baldwin Bikes,1,1022.98
10/28/2020,6,Marcelene Boyer,Baldwin Bikes,1,4873.95
10/28/2020,7,Venita Daniel,Baldwin Bikes,1,512.98
10/28/2020,8,Kali Vargas,Rowlett Bikes,1,1720.96
10/29/2020,5,Jannette David,Baldwin Bikes,1,2252.91
10/29/2020,6,Marcelene Boyer,Baldwin Bikes,1,5024.16
10/29/2020,7,Venita Daniel,Baldwin Bikes,1,7900.43
10/29/2020,9,Layla Terrell,Rowlett Bikes,1,1485.46
10/31/2020,2,Mireya Copeland,Santa Cruz Bikes,1,3613.72
10/31/2020,3,Genna Serrano,Santa Cruz Bikes,1,2214.05
11/2/2020,6,Marcelene Boyer,Baldwin Bikes,1,1199.98
11/2/2020,7,Venita Daniel,Baldwin Bikes,1,6187.15
11/3/2020,3,Genna Serrano,Santa Cruz Bikes,1,2042.06
11/4/2020,1,Fabiola Jackson,Santa Cruz Bikes,1,512.98
11/4/2020,7,Venita Daniel,Baldwin Bikes,1,4918.36
11/6/2020,6,Marcelene Boyer,Baldwin Bikes,1,1899.17
11/6/2020,7,Venita Daniel,Baldwin Bikes,1,1165.08
11/7/2020,5,Jannette David,Baldwin Bikes,1,1472.48
11/7/2020,6,Marcelene Boyer,Baldwin Bikes,1,4534.38
11/8/2020,9,Layla Terrell,Rowlett Bikes,1,2793.04
11/8/2020,10,Bernardine Houston,Rowlett Bikes,1,1694.05
11/9/2020,5,Jannette David,Baldwin Bikes,1,3270.23
11/9/2020,8,Kali Vargas,Rowlett Bikes,1,6782.76
11/11/2020,7,Venita Daniel,Baldwin Bikes,1,4746.63
11/12/2020,5,Jannette David,Baldwin Bikes,1,4665.54
11/12/2020,7,Venita Daniel,Baldwin Bikes,2,5157.46
11/12/2020,9,Layla Terrell,Rowlett Bikes,1,6278.84
11/12/2020,10,Bernardine Houston,Rowlett Bikes,1,1841.62
11/13/2020,3,Genna Serrano,Santa Cruz Bikes,1,6756.45
11/13/2020,5,Jannette David,Baldwin Bikes,1,6155.96
11/13/2020,10,Bernardine Houston,Rowlett Bikes,1,5179.97
11/14/2020,6,Marcelene Boyer,Baldwin Bikes,1,6794.08
11/15/2020,7,Venita Daniel,Baldwin Bikes,1,10372.09
11/16/2020,2,Mireya Copeland,Santa Cruz Bikes,1,8816.95
11/18/2020,6,Marcelene Boyer,Baldwin Bikes,1,1649.97
11/19/2020,6,Marcelene Boyer,Baldwin Bikes,1,3486.41
11/19/2020,7,Venita Daniel,Baldwin Bikes,1,1499.97
11/20/2020,6,Marcelene Boyer,Baldwin Bikes,1,1758.51
11/20/2020,7,Venita Daniel,Baldwin Bikes,1,2743.98
11/21/2020,5,Jannette David,Baldwin Bikes,1,4495.27
11/22/2020,2,Mireya Copeland,Santa Cruz Bikes,1,3628.51
11/22/2020,4,Virgie Wiggins,Santa Cruz Bikes,1,9474.94
11/23/2020,1,Fabiola Jackson,Santa Cruz Bikes,1,2726.49
11/23/2020,6,Marcelene Boyer,Baldwin Bikes,2,6650.39
11/24/2020,2,Mireya Copeland,Santa Cruz Bikes,1,5454.98
11/24/2020,5,Jannette David,Baldwin Bikes,1,4125.55
11/24/2020,6,Marcelene Boyer,Baldwin Bikes,1,599.99
11/26/2020,7,Venita Daniel,Baldwin Bikes,1,5779.81
11/27/2020,3,Genna Serrano,Santa Cruz Bikes,2,8533.96
11/27/2020,5,Jannette David,Baldwin Bikes,1,1599.98
11/27/2020,7,Venita Daniel,Baldwin Bikes,1,4784.15
11/27/2020,8,Kali Vargas,Rowlett Bikes,1,7975.97
11/30/2020,3,Genna Serrano,Santa Cruz Bikes,1,7824.04
12/3/2020,1,Fabiola Jackson,Santa Cruz Bikes,1,3347.98
12/4/2020,2,Mireya Copeland,Santa Cruz Bikes,1,3276.34
12/4/2020,5,Jannette David,Baldwin Bikes,2,8283.78
12/4/2020,7,Venita Daniel,Baldwin Bikes,2,4332.05
12/6/2020,4,Virgie Wiggins,Santa Cruz Bikes,1,1450.02
12/6/2020,5,Jannette David,Baldwin Bikes,1,8200.72
12/6/2020,7,Venita Daniel,Baldwin Bikes,4,9459.16
12/7/2020,2,Mireya Copeland,Santa Cruz Bikes,1,11479.53
12/7/2020,6,Marcelene Boyer,Baldwin Bikes,1,2928.68
12/7/2020,8,Kali Vargas,Rowlett Bikes,1,2264.97
12/7/2020,10,Bernardine Houston,Rowlett Bikes,1,1052.97
12/8/2020,2,Mireya Copeland,Santa Cruz Bikes,1,7042.67
12/8/2020,3,Genna Serrano,Santa Cruz Bikes,1,4644.91
12/8/2020,5,Jannette David,Baldwin Bikes,2,3310.37
12/9/2020,4,Virgie Wiggins,Santa Cruz Bikes,1,6868.95
12/9/2020,5,Jannette David,Baldwin Bikes,2,4001.46
12/9/2020,6,Marcelene Boyer,Baldwin Bikes,2,12663.17
12/9/2020,7,Venita Daniel,Baldwin Bikes,1,4271.11
12/10/2020,6,Marcelene Boyer,Baldwin Bikes,1,3144.32
12/10/2020,7,Venita Daniel,Baldwin Bikes,1,7681.12
12/11/2020,6,Marcelene Boyer,Baldwin Bikes,1,3900.65
12/11/2020,7,Venita Daniel,Baldwin Bikes,1,1605.08
12/12/2020,3,Genna Serrano,Santa Cruz Bikes,1,12334.95
12/12/2020,7,Venita Daniel,Baldwin Bikes,1,6715.43
12/13/2020,5,Jannette David,Baldwin Bikes,1,4436.6
12/15/2020,7,Venita Daniel,Baldwin Bikes,1,1115.98
12/16/2020,7,Venita Daniel,Baldwin Bikes,1,1364.94
12/17/2020,5,Jannette David,Baldwin Bikes,1,6764.57
12/18/2020,2,Mireya Copeland,Santa Cruz Bikes,1,660.59
12/19/2020,9,Layla Terrell,Rowlett Bikes,1,3502.49
12/20/2020,6,Marcelene Boyer,Baldwin Bikes,1,1399.97
12/21/2020,6,Marcelene Boyer,Baldwin Bikes,1,2335.52
12/21/2020,7,Venita Daniel,Baldwin Bikes,1,3974.62
12/22/2020,6,Marcelene Boyer,Baldwin Bikes,1,2113.58
12/22/2020,7,Venita Daniel,Baldwin Bikes,1,464.99
12/23/2020,5,Jannette David,Baldwin Bikes,1,797.94
12/23/2020,7,Venita Daniel,Baldwin Bikes,1,7688.27
12/24/2020,5,Jannette David,Baldwin Bikes,1,1754.04
12/24/2020,6,Marcelene Boyer,Baldwin Bikes,1,1673.99
12/25/2020,2,Mireya Copeland,Santa Cruz Bikes,1,4186.52
12/25/2020,6,Marcelene Boyer,Baldwin Bikes,1,5775.54
12/25/2020,7,Venita Daniel,Baldwin Bikes,1,423.99
12/26/2020,3,Genna Serrano,Santa Cruz Bikes,1,953.98
12/26/2020,4,Virgie Wiggins,Santa Cruz Bikes,1,4835.37
12/26/2020,6,Marcelene Boyer,Baldwin Bikes,1,3015.31
12/27/2020,3,Genna Serrano,Santa Cruz Bikes,1,2008.76
12/27/2020,5,Jannette David,Baldwin Bikes,1,4851.13
12/28/2020,9,Layla Terrell,Rowlett Bikes,1,6068.94
12/29/2020,6,Marcelene Boyer,Baldwin Bikes,1,6004.97
12/30/2020,6,Marcelene Boyer,Baldwin Bikes,1,2754.99
1/3/2021,2,Mireya Copeland,Santa Cruz Bikes,1,527.98
1/3/2021,6,Marcelene Boyer,Baldwin Bikes,1,3509.97
1/4/2021,5,Jannette David,Baldwin Bikes,1,6349.36
1/6/2021,6,Marcelene Boyer,Baldwin Bikes,2,14241.58
1/7/2021,3,Genna Serrano,Santa Cruz Bikes,1,3695.47
1/7/2021,7,Venita Daniel,Baldwin Bikes,1,836.98
1/8/2021,1,Fabiola Jackson,Santa Cruz Bikes,1,712.49
1/8/2021,6,Marcelene Boyer,Baldwin Bikes,2,18245.61
1/9/2021,2,Mireya Copeland,Santa Cruz Bikes,1,4269.95
1/9/2021,6,Marcelene Boyer,Baldwin Bikes,1,511.49
1/9/2021,7,Venita Daniel,Baldwin Bikes,1,1172.97
1/10/2021,4,Virgie Wiggins,Santa Cruz Bikes,1,4466.64
1/11/2021,2,Mireya Copeland,Santa Cruz Bikes,1,799.99
1/11/2021,7,Venita Daniel,Baldwin Bikes,1,2082.14
1/12/2021,9,Layla Terrell,Rowlett Bikes,1,7130.54
1/14/2021,2,Mireya Copeland,Santa Cruz Bikes,1,7520.03
1/14/2021,5,Jannette David,Baldwin Bikes,1,4497
1/16/2021,3,Genna Serrano,Santa Cruz Bikes,1,225.89
1/16/2021,7,Venita Daniel,Baldwin Bikes,1,1279.06
1/17/2021,2,Mireya Copeland,Santa Cruz Bikes,1,9399.96
1/17/2021,4,Virgie Wiggins,Santa Cruz Bikes,1,6912.17
1/17/2021,7,Venita Daniel,Baldwin Bikes,1,17086.93
1/18/2021,5,Jannette David,Baldwin Bikes,1,17305.93
1/18/2021,6,Marcelene Boyer,Baldwin Bikes,1,7022.96
1/19/2021,3,Genna Serrano,Santa Cruz Bikes,1,7339.41
1/20/2021,3,Genna Serrano,Santa Cruz Bikes,1,4464.66
1/20/2021,7,Venita Daniel,Baldwin Bikes,1,13130.82
1/21/2021,6,Marcelene Boyer,Baldwin Bikes,1,9279.95
1/21/2021,7,Venita Daniel,Baldwin Bikes,1,2208.97
1/22/2021,7,Venita Daniel,Baldwin Bikes,1,1804.85
1/22/2021,8,Kali Vargas,Rowlett Bikes,1,3658.18
1/23/2021,7,Venita Daniel,Baldwin Bikes,1,1692.57
1/24/2021,5,Jannette David,Baldwin Bikes,1,5154.14
1/25/2021,7,Venita Daniel,Baldwin Bikes,1,6978.71
1/26/2021,6,Marcelene Boyer,Baldwin Bikes,1,15439.94
1/26/2021,10,Bernardine Houston,Rowlett Bikes,1,2112.29
1/27/2021,6,Marcelene Boyer,Baldwin Bikes,1,959.98
1/28/2021,5,Jannette David,Baldwin Bikes,1,1600.09
1/28/2021,7,Venita Daniel,Baldwin Bikes,2,18135.63
1/28/2021,9,Layla Terrell,Rowlett Bikes,1,2371.16
1/29/2021,3,Genna Serrano,Santa Cruz Bikes,1,10869.96
1/29/2021,4,Virgie Wiggins,Santa Cruz Bikes,1,1132.96
1/29/2021,5,Jannette David,Baldwin Bikes,2,13640.91
1/29/2021,6,Marcelene Boyer,Baldwin Bikes,1,1349.98
1/31/2021,6,Marcelene Boyer,Baldwin Bikes,1,5537.98
1/31/2021,7,Venita Daniel,Baldwin Bikes,1,16950.07
2/1/2021,5,Jannette David,Baldwin Bikes,1,2787.95
2/2/2021,4,Virgie Wiggins,Santa Cruz Bikes,1,5382.04
2/2/2021,5,Jannette David,Baldwin Bikes,1,845.98
2/2/2021,7,Venita Daniel,Baldwin Bikes,1,1800.48
2/3/2021,2,Mireya Copeland,Santa Cruz Bikes,1,4195.3
2/4/2021,7,Venita Daniel,Baldwin Bikes,1,7747.73
2/5/2021,1,Fabiola Jackson,Santa Cruz Bikes,1,13523.74
2/5/2021,3,Genna Serrano,Santa Cruz Bikes,1,5015.73
2/5/2021,5,Jannette David,Baldwin Bikes,1,4387.96
2/5/2021,7,Venita Daniel,Baldwin Bikes,2,14696.59
2/6/2021,2,Mireya Copeland,Santa Cruz Bikes,1,2509.88
2/6/2021,8,Kali Vargas,Rowlett Bikes,1,10336.96
2/6/2021,9,Layla Terrell,Rowlett Bikes,1,5557.33
2/7/2021,6,Marcelene Boyer,Baldwin Bikes,1,10399.97
2/7/2021,10,Bernardine Houston,Rowlett Bikes,1,104.49
2/8/2021,3,Genna Serrano,Santa Cruz Bikes,1,3243.75
2/8/2021,6,Marcelene Boyer,Baldwin Bikes,1,6654.47
2/8/2021,7,Venita Daniel,Baldwin Bikes,2,11504.83
2/9/2021,1,Fabiola Jackson,Santa Cruz Bikes,1,2717.96
2/9/2021,7,Venita Daniel,Baldwin Bikes,1,5416.43
2/10/2021,2,Mireya Copeland,Santa Cruz Bikes,1,5959.06
2/11/2021,6,Marcelene Boyer,Baldwin Bikes,1,7157.35
2/13/2021,5,Jannette David,Baldwin Bikes,1,4167.84
2/13/2021,6,Marcelene Boyer,Baldwin Bikes,1,11055.94
2/13/2021,8,Kali Vargas,Rowlett Bikes,1,2500.43
2/13/2021,10,Bernardine Houston,Rowlett Bikes,1,8072.33
2/14/2021,7,Venita Daniel,Baldwin Bikes,1,335.98
2/15/2021,5,Jannette David,Baldwin Bikes,1,7111.03
2/15/2021,6,Marcelene Boyer,Baldwin Bikes,2,24417.94
2/16/2021,5,Jannette David,Baldwin Bikes,1,391.99
2/16/2021,6,Marcelene Boyer,Baldwin Bikes,1,861.01
2/16/2021,7,Venita Daniel,Baldwin Bikes,2,14432.69
2/18/2021,7,Venita Daniel,Baldwin Bikes,1,2319.75
2/19/2021,6,Marcelene Boyer,Baldwin Bikes,3,5793.91
2/19/2021,7,Venita Daniel,Baldwin Bikes,1,8309.44
2/19/2021,9,Layla Terrell,Rowlett Bikes,1,1856.61
2/20/2021,3,Genna Serrano,Santa Cruz Bikes,1,10541.96
2/20/2021,7,Venita Daniel,Baldwin Bikes,1,611.98
2/21/2021,6,Marcelene Boyer,Baldwin Bikes,1,6196.64
2/25/2021,9,Layla Terrell,Rowlett Bikes,1,4334.05
2/26/2021,5,Jannette David,Baldwin Bikes,1,3146.46
2/26/2021,7,Venita Daniel,Baldwin Bikes,1,10322.97
2/26/2021,8,Kali Vargas,Rowlett Bikes,1,2230.54
2/27/2021,6,Marcelene Boyer,Baldwin Bikes,1,3531.3
2/27/2021,7,Venita Daniel,Baldwin Bikes,1,16436.06
2/27/2021,9,Layla Terrell,Rowlett Bikes,1,3631.72
2/28/2021,1,Fabiola Jackson,Santa Cruz Bikes,1,5812.54
2/28/2021,5,Jannette David,Baldwin Bikes,1,4171.94
2/28/2021,6,Marcelene Boyer,Baldwin Bikes,1,799.99
2/28/2021,8,Kali Vargas,Rowlett Bikes,1,15981.14
2/28/2021,9,Layla Terrell,Rowlett Bikes,1,1601.37
3/1/2021,5,Jannette David,Baldwin Bikes,1,1585.15
3/1/2021,6,Marcelene Boyer,Baldwin Bikes,1,723.89
3/1/2021,7,Venita Daniel,Baldwin Bikes,1,751.98
3/2/2021,3,Genna Serrano,Santa Cruz Bikes,1,269.99
3/3/2021,3,Genna Serrano,Santa Cruz Bikes,1,2426.98
3/3/2021,8,Kali Vargas,Rowlett Bikes,1,4064.83
3/4/2021,7,Venita Daniel,Baldwin Bikes,1,10269.85
3/4/2021,8,Kali Vargas,Rowlett Bikes,1,1755.37
3/5/2021,4,Virgie Wiggins,Santa Cruz Bikes,1,1652.98
3/5/2021,5,Jannette David,Baldwin Bikes,1,9372.37
3/5/2021,6,Marcelene Boyer,Baldwin Bikes,1,4147.66
3/6/2021,2,Mireya Copeland,Santa Cruz Bikes,1,6468.22
3/6/2021,6,Marcelene Boyer,Baldwin Bikes,2,16343.35
3/6/2021,7,Venita Daniel,Baldwin Bikes,1,269.99
3/6/2021,10,Bernardine Houston,Rowlett Bikes,1,2681.15
3/7/2021,6,Marcelene Boyer,Baldwin Bikes,1,2362.16
3/7/2021,7,Venita Daniel,Baldwin Bikes,2,7332.18
3/8/2021,6,Marcelene Boyer,Baldwin Bikes,1,930.98
3/8/2021,9,Layla Terrell,Rowlett Bikes,1,692.08
3/9/2021,1,Fabiola Jackson,Santa Cruz Bikes,1,5841.09
3/9/2021,2,Mireya Copeland,Santa Cruz Bikes,1,5126.95
3/9/2021,5,Jannette David,Baldwin Bikes,2,8769.73
3/9/2021,6,Marcelene Boyer,Baldwin Bikes,1,4062.33
3/9/2021,7,Venita Daniel,Baldwin Bikes,1,1546.38
3/9/2021,9,Layla Terrell,Rowlett Bikes,1,5922.9
3/11/2021,3,Genna Serrano,Santa Cruz Bikes,1,583.97
3/11/2021,6,Marcelene Boyer,Baldwin Bikes,1,2006.06
3/11/2021,7,Venita Daniel,Baldwin Bikes,1,513.35
3/12/2021,5,Jannette David,Baldwin Bikes,1,12104.78
3/12/2021,6,Marcelene Boyer,Baldwin Bikes,1,1394.99
3/13/2021,5,Jannette David,Baldwin Bikes,1,8056.76
3/13/2021,6,Marcelene Boyer,Baldwin Bikes,1,6804.95
3/15/2021,5,Jannette David,Baldwin Bikes,2,4637.93
3/15/2021,6,Marcelene Boyer,Baldwin Bikes,2,17395.19
3/15/2021,9,Layla Terrell,Rowlett Bikes,1,754.48
3/16/2021,2,Mireya Copeland,Santa Cruz Bikes,1,1818.45
3/16/2021,7,Venita Daniel,Baldwin Bikes,1,1847.06
3/18/2021,2,Mireya Copeland,Santa Cruz Bikes,1,9274.96
3/18/2021,6,Marcelene Boyer,Baldwin Bikes,1,723.89
3/18/2021,8,Kali Vargas,Rowlett Bikes,1,12541.76
3/18/2021,9,Layla Terrell,Rowlett Bikes,1,1860.58
3/19/2021,5,Jannette David,Baldwin Bikes,1,1174.56
3/19/2021,7,Venita Daniel,Baldwin Bikes,1,6824.97
3/20/2021,6,Marcelene Boyer,Baldwin Bikes,1,3489.97
3/22/2021,5,Jannette David,Baldwin Bikes,1,8109.95
3/23/2021,6,Marcelene Boyer,Baldwin Bikes,1,3191.95
3/23/2021,7,Venita Daniel,Baldwin Bikes,2,6941.89
3/23/2021,10,Bernardine Houston,Rowlett Bikes,1,751.98
3/24/2021,7,Venita Daniel,Baldwin Bikes,1,14735.41
3/26/2021,4,Virgie Wiggins,Santa Cruz Bikes,1,4100.43
3/27/2021,3,Genna Serrano,Santa Cruz Bikes,1,17580.71
3/27/2021,6,Marcelene Boyer,Baldwin Bikes,1,5851.92
3/28/2021,1,Fabiola Jackson,Santa Cruz Bikes,1,316.19
3/28/2021,5,Jannette David,Baldwin Bikes,1,9157.75
3/28/2021,8,Kali Vargas,Rowlett Bikes,1,2843.07
3/29/2021,6,Marcelene Boyer,Baldwin Bikes,2,20637.98
3/30/2021,6,Marcelene Boyer,Baldwin Bikes,1,8009.03
3/30/2021,7,Venita Daniel,Baldwin Bikes,1,3804.92
3/31/2021,5,Jannette David,Baldwin Bikes,1,2258.12
3/31/2021,7,Venita Daniel,Baldwin Bikes,1,1441.16
4/1/2021,7,Venita Daniel,Baldwin Bikes,2,9557.82
4/1/2021,8,Kali Vargas,Rowlett Bikes,1,6881.75
4/1/2021,9,Layla Terrell,Rowlett Bikes,1,3818.21
4/2/2021,7,Venita Daniel,Baldwin Bikes,1,1754.14
4/3/2021,3,Genna Serrano,Santa Cruz Bikes,1,2259.34
4/3/2021,6,Marcelene Boyer,Baldwin Bikes,1,1863.96
4/4/2021,5,Jannette David,Baldwin Bikes,1,4156.69
4/4/2021,6,Marcelene Boyer,Baldwin Bikes,1,5231.85
4/4/2021,9,Layla Terrell,Rowlett Bikes,1,199.99
4/5/2021,7,Venita Daniel,Baldwin Bikes,2,2679.94
4/6/2021,5,Jannette David,Baldwin Bikes,1,1208.48
4/6/2021,10,Bernardine Houston,Rowlett Bikes,1,11349.95
4/7/2021,1,Fabiola Jackson,Santa Cruz Bikes,1,377.98
4/7/2021,5,Jannette David,Baldwin Bikes,2,4145.75
4/7/2021,7,Venita Daniel,Baldwin Bikes,1,8570.96
4/9/2021,5,Jannette David,Baldwin Bikes,2,7664.73
4/11/2021,5,Jannette David,Baldwin Bikes,2,7745.3
4/11/2021,6,Marcelene Boyer,Baldwin Bikes,1,1950.57
4/12/2021,6,Marcelene Boyer,Baldwin Bikes,1,3750.87
4/12/2021,7,Venita Daniel,Baldwin Bikes,1,1139.98
4/13/2021,2,Mireya Copeland,Santa Cruz Bikes,1,1885.88
4/13/2021,5,Jannette David,Baldwin Bikes,1,6793.96
4/13/2021,7,Venita Daniel,Baldwin Bikes,1,719.98
4/14/2021,7,Venita Daniel,Baldwin Bikes,1,5220.47
4/15/2021,3,Genna Serrano,Santa Cruz Bikes,1,12307.96
4/15/2021,6,Marcelene Boyer,Baldwin Bikes,2,10694.93
4/15/2021,7,Venita Daniel,Baldwin Bikes,1,5062.33
4/16/2021,6,Marcelene Boyer,Baldwin Bikes,1,9334.5
4/16/2021,7,Venita Daniel,Baldwin Bikes,1,3185.94
4/17/2021,6,Marcelene Boyer,Baldwin Bikes,1,10187.94
4/17/2021,7,Venita Daniel,Baldwin Bikes,1,3960.43
4/18/2021,7,Venita Daniel,Baldwin Bikes,2,13517.42
4/19/2021,1,Fabiola Jackson,Santa Cruz Bikes,1,333.59
4/19/2021,4,Virgie Wiggins,Santa Cruz Bikes,1,3442.81
4/20/2021,6,Marcelene Boyer,Baldwin Bikes,1,999.48
4/21/2021,8,Kali Vargas,Rowlett Bikes,1,13107.44
4/21/2021,9,Layla Terrell,Rowlett Bikes,1,2622.58
4/22/2021,5,Jannette David,Baldwin Bikes,1,170.99
4/22/2021,6,Marcelene Boyer,Baldwin Bikes,1,908.07
4/23/2021,6,Marcelene Boyer,Baldwin Bikes,1,1044.98
4/24/2021,7,Venita Daniel,Baldwin Bikes,1,799.99
4/25/2021,6,Marcelene Boyer,Baldwin Bikes,2,8096.76
4/27/2021,7,Venita Daniel,Baldwin Bikes,2,14898.6
4/27/2021,8,Kali Vargas,Rowlett Bikes,1,7063.46
4/28/2021,5,Jannette David,Baldwin Bikes,1,1217.26
4/28/2021,7,Venita Daniel,Baldwin Bikes,1,377.98
4/29/2021,5,Jannette David,Baldwin Bikes,1,1197.07
4/29/2021,6,Marcelene Boyer,Baldwin Bikes,1,1829.66
5/1/2021,3,Genna Serrano,Santa Cruz Bikes,1,322.99
5/1/2021,4,Virgie Wiggins,Santa Cruz Bikes,1,1311.29
5/1/2021,6,Marcelene Boyer,Baldwin Bikes,1,3254.99
5/1/2021,7,Venita Daniel,Baldwin Bikes,1,10186.62
5/2/2021,7,Venita Daniel,Baldwin Bikes,1,3247.24
5/3/2021,3,Genna Serrano,Santa Cruz Bikes,1,7184.97
5/3/2021,7,Venita Daniel,Baldwin Bikes,1,845.98
5/4/2021,7,Venita Daniel,Baldwin Bikes,1,9287.94
5/5/2021,2,Mireya Copeland,Santa Cruz Bikes,1,4012.64
5/5/2021,7,Venita Daniel,Baldwin Bikes,1,2205.75
5/6/2021,6,Marcelene Boyer,Baldwin Bikes,1,1194.28
5/7/2021,3,Genna Serrano,Santa Cruz Bikes,1,2289.66
5/8/2021,6,Marcelene Boyer,Baldwin Bikes,1,6239.27
5/8/2021,7,Venita Daniel,Baldwin Bikes,1,3032.74
5/8/2021,9,Layla Terrell,Rowlett Bikes,1,6412.55
5/9/2021,6,Marcelene Boyer,Baldwin Bikes,1,10949.94
5/11/2021,6,Marcelene Boyer,Baldwin Bikes,1,3022.87
5/11/2021,7,Venita Daniel,Baldwin Bikes,1,11588.64
5/13/2021,4,Virgie Wiggins,Santa Cruz Bikes,1,5984.98
5/13/2021,6,Marcelene Boyer,Baldwin Bikes,1,11993.97
5/13/2021,8,Kali Vargas,Rowlett Bikes,1,5188.48
5/14/2021,7,Venita Daniel,Baldwin Bikes,1,1805.96
5/14/2021,8,Kali Vargas,Rowlett Bikes,1,989.98
5/15/2021,5,Jannette David,Baldwin Bikes,2,20613.97
5/15/2021,6,Marcelene Boyer,Baldwin Bikes,1,8096.44
5/16/2021,5,Jannette David,Baldwin Bikes,1,543.98
5/16/2021,7,Venita Daniel,Baldwin Bikes,1,1285.97
5/18/2021,6,Marcelene Boyer,Baldwin Bikes,1,418.49
5/19/2021,10,Bernardine Houston,Rowlett Bikes,1,2136.53
5/20/2021,2,Mireya Copeland,Santa Cruz Bikes,1,839.78
5/20/2021,6,Marcelene Boyer,Baldwin Bikes,2,21801.98
5/20/2021,7,Venita Daniel,Baldwin Bikes,1,5442.07
5/21/2021,6,Marcelene Boyer,Baldwin Bikes,1,2228.24
5/21/2021,7,Venita Daniel,Baldwin Bikes,1,9728.98
5/22/2021,7,Venita Daniel,Baldwin Bikes,1,5887.34
5/23/2021,1,Fabiola Jackson,Santa Cruz Bikes,1,14141.33
5/23/2021,6,Marcelene Boyer,Baldwin Bikes,1,11035.84
5/23/2021,7,Venita Daniel,Baldwin Bikes,1,7783.42
5/24/2021,1,Fabiola Jackson,Santa Cruz Bikes,1,527.28
5/25/2021,7,Venita Daniel,Baldwin Bikes,1,2282.96
5/26/2021,2,Mireya Copeland,Santa Cruz Bikes,1,1056.79
5/26/2021,6,Marcelene Boyer,Baldwin Bikes,1,4369.34
5/26/2021,7,Venita Daniel,Baldwin Bikes,1,269.99
5/27/2021,2,Mireya Copeland,Santa Cruz Bikes,1,2747.23
5/27/2021,5,Jannette David,Baldwin Bikes,1,1422.96
5/28/2021,4,Virgie Wiggins,Santa Cruz Bikes,1,3167.95
5/28/2021,5,Jannette David,Baldwin Bikes,1,4397.96
5/28/2021,6,Marcelene Boyer,Baldwin Bikes,1,167.99
5/29/2021,1,Fabiola Jackson,Santa Cruz Bikes,1,1367.09
5/30/2021,3,Genna Serrano,Santa Cruz Bikes,1,7143.66
5/30/2021,7,Venita Daniel,Baldwin Bikes,2,9313.84
5/31/2021,5,Jannette David,Baldwin Bikes,1,1094.97
5/31/2021,6,Marcelene Boyer,Baldwin Bikes,1,3105.96
5/31/2021,7,Venita Daniel,Baldwin Bikes,1,1258.97
6/2/2021,7,Venita Daniel,Baldwin Bikes,1,5925.47
6/2/2021,8,Kali Vargas,Rowlett Bikes,1,1226.37
6/3/2021,2,Mireya Copeland,Santa Cruz Bikes,2,13588.92
6/5/2021,3,Genna Serrano,Santa Cruz Bikes,1,912.27
6/5/2021,5,Jannette David,Baldwin Bikes,1,7350.46
6/5/2021,10,Bernardine Houston,Rowlett Bikes,1,24607.02
6/7/2021,5,Jannette David,Baldwin Bikes,1,2099.96
6/7/2021,6,Marcelene Boyer,Baldwin Bikes,2,7167.96
6/9/2021,7,Venita Daniel,Baldwin Bikes,1,16861.74
6/10/2021,6,Marcelene Boyer,Baldwin Bikes,1,1096.18
6/10/2021,8,Kali Vargas,Rowlett Bikes,1,2061.74
6/11/2021,5,Jannette David,Baldwin Bikes,2,28906.79
6/11/2021,6,Marcelene Boyer,Baldwin Bikes,1,3011.48
6/12/2021,2,Mireya Copeland,Santa Cruz Bikes,1,959.98
6/13/2021,5,Jannette David,Baldwin Bikes,1,4318
6/13/2021,6,Marcelene Boyer,Baldwin Bikes,1,927.98
6/14/2021,3,Genna Serrano,Santa Cruz Bikes,1,5299.53
6/14/2021,6,Marcelene Boyer,Baldwin Bikes,1,18114.93
6/14/2021,7,Venita Daniel,Baldwin Bikes,1,14172.21
6/15/2021,3,Genna Serrano,Santa Cruz Bikes,1,5226.66
6/15/2021,5,Jannette David,Baldwin Bikes,1,3159.92
6/16/2021,4,Virgie Wiggins,Santa Cruz Bikes,1,10529.96
6/16/2021,6,Marcelene Boyer,Baldwin Bikes,1,5224.99
6/16/2021,7,Venita Daniel,Baldwin Bikes,3,21053.91
6/17/2021,6,Marcelene Boyer,Baldwin Bikes,3,19627.62
6/17/2021,9,Layla Terrell,Rowlett Bikes,1,3292
6/18/2021,1,Fabiola Jackson,Santa Cruz Bikes,1,6089.98
6/18/2021,7,Venita Daniel,Baldwin Bikes,2,8034.5
6/19/2021,2,Mireya Copeland,Santa Cruz Bikes,1,9605.97
6/19/2021,5,Jannette David,Baldwin Bikes,1,2696.99
6/19/2021,7,Venita Daniel,Baldwin Bikes,1,1556.78
6/20/2021,5,Jannette David,Baldwin Bikes,1,377.98
6/20/2021,7,Venita Daniel,Baldwin Bikes,1,519.98
6/20/2021,8,Kali Vargas,Rowlett Bikes,1,877.98
6/21/2021,6,Marcelene Boyer,Baldwin Bikes,2,14928.42
6/21/2021,9,Layla Terrell,Rowlett Bikes,1,1101.68
6/22/2021,7,Venita Daniel,Baldwin Bikes,1,9161.94
6/22/2021,8,Kali Vargas,Rowlett Bikes,1,6782.33
6/23/2021,7,Venita Daniel,Baldwin Bikes,1,3646.98
6/24/2021,6,Marcelene Boyer,Baldwin Bikes,1,20177.74
6/24/2021,8,Kali Vargas,Rowlett Bikes,1,1277.96
6/25/2021,6,Marcelene Boyer,Baldwin Bikes,1,753.58
6/25/2021,9,Layla Terrell,Rowlett Bikes,1,2474.97
6/26/2021,5,Jannette David,Baldwin Bikes,1,2509.94
6/26/2021,6,Marcelene Boyer,Baldwin Bikes,1,4922.94
6/26/2021,7,Venita Daniel,Baldwin Bikes,1,4766.83
6/26/2021,8,Kali Vargas,Rowlett Bikes,1,7971.22
6/26/2021,9,Layla Terrell,Rowlett Bikes,1,8740.96
6/26/2021,10,Bernardine Houston,Rowlett Bikes,1,11238.65
6/27/2021,5,Jannette David,Baldwin Bikes,2,9746.69
6/30/2021,5,Jannette David,Baldwin Bikes,1,1902.56
6/30/2021,6,Marcelene Boyer,Baldwin Bikes,1,5768.21
7/2/2021,1,Fabiola Jackson,Santa Cruz Bikes,1,14904.61
7/2/2021,5,Jannette David,Baldwin Bikes,1,3172.44
7/2/2021,6,Marcelene Boyer,Baldwin Bikes,1,2200.86
7/4/2021,7,Venita Daniel,Baldwin Bikes,1,2452.94
7/6/2021,2,Mireya Copeland,Santa Cruz Bikes,1,5498.36
7/7/2021,7,Venita Daniel,Baldwin Bikes,1,6074.04
7/9/2021,3,Genna Serrano,Santa Cruz Bikes,1,9725.83
7/9/2021,7,Venita Daniel,Baldwin Bikes,1,1613.39
7/11/2021,2,Mireya Copeland,Santa Cruz Bikes,1,1553.96
7/11/2021,4,Virgie Wiggins,Santa Cruz Bikes,1,1301.47
7/11/2021,7,Venita Daniel,Baldwin Bikes,1,1635.54
7/12/2021,6,Marcelene Boyer,Baldwin Bikes,1,1655.07
7/12/2021,7,Venita Daniel,Baldwin Bikes,2,5385.46
7/13/2021,6,Marcelene Boyer,Baldwin Bikes,1,7179.98
7/14/2021,3,Genna Serrano,Santa Cruz Bikes,1,4162.85
7/14/2021,6,Marcelene Boyer,Baldwin Bikes,1,1499.38
7/14/2021,7,Venita Daniel,Baldwin Bikes,1,13242.96
7/15/2021,5,Jannette David,Baldwin Bikes,1,12774.24
7/15/2021,7,Venita Daniel,Baldwin Bikes,1,2681.95
7/16/2021,5,Jannette David,Baldwin Bikes,1,1287.57
7/16/2021,6,Marcelene Boyer,Baldwin Bikes,1,3720.88
7/16/2021,8,Kali Vargas,Rowlett Bikes,1,1060.17
7/18/2021,1,Fabiola Jackson,Santa Cruz Bikes,1,2446.94
7/18/2021,2,Mireya Copeland,Santa Cruz Bikes,1,750.58
7/18/2021,7,Venita Daniel,Baldwin Bikes,1,2065.98
7/19/2021,5,Jannette David,Baldwin Bikes,1,2963.98
7/19/2021,6,Marcelene Boyer,Baldwin Bikes,1,6382.94
7/19/2021,7,Venita Daniel,Baldwin Bikes,1,2873.94
7/19/2021,9,Layla Terrell,Rowlett Bikes,1,557.98
7/20/2021,6,Marcelene Boyer,Baldwin Bikes,1,3801.64
7/22/2021,6,Marcelene Boyer,Baldwin Bikes,1,1467.95
7/22/2021,7,Venita Daniel,Baldwin Bikes,1,2297.75
7/23/2021,6,Marcelene Boyer,Baldwin Bikes,4,35425.19
7/23/2021,7,Venita Daniel,Baldwin Bikes,2,10025.73
7/26/2021,2,Mireya Copeland,Santa Cruz Bikes,1,7439.98
7/26/2021,6,Marcelene Boyer,Baldwin Bikes,1,1052.96
7/27/2021,7,Venita Daniel,Baldwin Bikes,1,5122.34
7/29/2021,3,Genna Serrano,Santa Cruz Bikes,1,7719.95
7/29/2021,5,Jannette David,Baldwin Bikes,1,4296.18
7/30/2021,2,Mireya Copeland,Santa Cruz Bikes,1,2319.96
7/30/2021,5,Jannette David,Baldwin Bikes,1,6929.1
7/30/2021,6,Marcelene Boyer,Baldwin Bikes,3,10461.32
7/30/2021,7,Venita Daniel,Baldwin Bikes,1,3168.55
7/31/2021,6,Marcelene Boyer,Baldwin Bikes,1,2707.82
7/31/2021,7,Venita Daniel,Baldwin Bikes,1,2932.48
8/2/2021,7,Venita Daniel,Baldwin Bikes,1,718.4
8/4/2021,4,Virgie Wiggins,Santa Cruz Bikes,1,10050.62
8/4/2021,5,Jannette David,Baldwin Bikes,1,9938.95
8/6/2021,6,Marcelene Boyer,Baldwin Bikes,1,5417.97
8/6/2021,7,Venita Daniel,Baldwin Bikes,1,269.99
8/7/2021,7,Venita Daniel,Baldwin Bikes,1,629.98
8/7/2021,8,Kali Vargas,Rowlett Bikes,1,5723.74
8/7/2021,10,Bernardine Houston,Rowlett Bikes,1,3290.77
8/8/2021,5,Jannette David,Baldwin Bikes,1,2379.46
8/8/2021,9,Layla Terrell,Rowlett Bikes,1,9134.7
8/9/2021,2,Mireya Copeland,Santa Cruz Bikes,1,8683.75
8/9/2021,3,Genna Serrano,Santa Cruz Bikes,1,3014.93
8/10/2021,5,Jannette David,Baldwin Bikes,1,5440.36
8/10/2021,6,Marcelene Boyer,Baldwin Bikes,1,9919.92
8/10/2021,7,Venita Daniel,Baldwin Bikes,1,1127.99
8/11/2021,7,Venita Daniel,Baldwin Bikes,1,2069.37
8/12/2021,5,Jannette David,Baldwin Bikes,1,12909.92
8/12/2021,6,Marcelene Boyer,Baldwin Bikes,1,949.99
8/12/2021,7,Venita Daniel,Baldwin Bikes,1,1690.66
8/13/2021,5,Jannette David,Baldwin Bikes,1,7183.32
8/14/2021,7,Venita Daniel,Baldwin Bikes,1,6530.06
8/15/2021,6,Marcelene Boyer,Baldwin Bikes,2,20451.6
8/15/2021,7,Venita Daniel,Baldwin Bikes,1,655.19
8/16/2021,8,Kali Vargas,Rowlett Bikes,1,2749.34
8/16/2021,9,Layla Terrell,Rowlett Bikes,1,3567.56
8/17/2021,5,Jannette David,Baldwin Bikes,2,10594.9
8/17/2021,6,Marcelene Boyer,Baldwin Bikes,1,576.79
8/17/2021,7,Venita Daniel,Baldwin Bikes,3,16002.56
8/17/2021,10,Bernardine Houston,Rowlett Bikes,1,799.98
8/18/2021,3,Genna Serrano,Santa Cruz Bikes,1,2059.93
8/18/2021,7,Venita Daniel,Baldwin Bikes,1,1611.07
8/19/2021,3,Genna Serrano,Santa Cruz Bikes,1,3594.86
8/19/2021,5,Jannette David,Baldwin Bikes,2,14521.51
8/19/2021,6,Marcelene Boyer,Baldwin Bikes,4,14762.46
8/19/2021,7,Venita Daniel,Baldwin Bikes,1,1227.58
8/20/2021,6,Marcelene Boyer,Baldwin Bikes,2,8621.13
8/21/2021,3,Genna Serrano,Santa Cruz Bikes,1,1238.56
8/21/2021,7,Venita Daniel,Baldwin Bikes,2,11082.65
8/22/2021,8,Kali Vargas,Rowlett Bikes,2,10364.47
8/23/2021,2,Mireya Copeland,Santa Cruz Bikes,1,3127.56
8/24/2021,4,Virgie Wiggins,Santa Cruz Bikes,1,351.99
8/24/2021,7,Venita Daniel,Baldwin Bikes,1,5686.58
8/25/2021,2,Mireya Copeland,Santa Cruz Bikes,1,4015.65
8/25/2021,3,Genna Serrano,Santa Cruz Bikes,1,2768.36
8/25/2021,5,Jannette David,Baldwin Bikes,1,2716.76
8/26/2021,9,Layla Terrell,Rowlett Bikes,1,16491.52
8/27/2021,2,Mireya Copeland,Santa Cruz Bikes,1,1512.89
8/27/2021,6,Marcelene Boyer,Baldwin Bikes,1,3975.23
8/28/2021,1,Fabiola Jackson,Santa Cruz Bikes,1,170.99
8/28/2021,5,Jannette David,Baldwin Bikes,1,5922.47
8/28/2021,6,Marcelene Boyer,Baldwin Bikes,1,2643.24
8/29/2021,6,Marcelene Boyer,Baldwin Bikes,1,325.49
8/29/2021,7,Venita Daniel,Baldwin Bikes,1,6671.6
8/31/2021,7,Venita Daniel,Baldwin Bikes,1,2615.97
9/1/2021,6,Marcelene Boyer,Baldwin Bikes,1,7211.72
9/1/2021,8,Kali Vargas,Rowlett Bikes,1,11831.33
9/2/2021,6,Marcelene Boyer,Baldwin Bikes,1,314.99
9/2/2021,7,Venita Daniel,Baldwin Bikes,1,6591.97
9/3/2021,1,Fabiola Jackson,Santa Cruz Bikes,1,2605.28
9/3/2021,6,Marcelene Boyer,Baldwin Bikes,1,1115.98
9/4/2021,5,Jannette David,Baldwin Bikes,1,1464.25
9/4/2021,6,Marcelene Boyer,Baldwin Bikes,1,4949.99
9/5/2021,7,Venita Daniel,Baldwin Bikes,1,11062.41
9/6/2021,6,Marcelene Boyer,Baldwin Bikes,1,700.79
9/6/2021,7,Venita Daniel,Baldwin Bikes,1,418.49
9/7/2021,6,Marcelene Boyer,Baldwin Bikes,1,18670.92
9/8/2021,5,Jannette David,Baldwin Bikes,1,12663.95
9/8/2021,6,Marcelene Boyer,Baldwin Bikes,1,19329.94
9/8/2021,7,Venita Daniel,Baldwin Bikes,1,3126.64
9/10/2021,2,Mireya Copeland,Santa Cruz Bikes,1,5893.55
9/10/2021,5,Jannette David,Baldwin Bikes,1,4204.52
9/11/2021,7,Venita Daniel,Baldwin Bikes,1,3920.66
9/12/2021,6,Marcelene Boyer,Baldwin Bikes,1,15205.92
9/13/2021,7,Venita Daniel,Baldwin Bikes,1,9645.38
9/13/2021,9,Layla Terrell,Rowlett Bikes,1,11476.53
9/14/2021,7,Venita Daniel,Baldwin Bikes,1,4814.62
9/14/2021,10,Bernardine Houston,Rowlett Bikes,1,5244.95
9/15/2021,6,Marcelene Boyer,Baldwin Bikes,1,2411.47
9/15/2021,7,Venita Daniel,Baldwin Bikes,1,1494.95
9/17/2021,6,Marcelene Boyer,Baldwin Bikes,1,14567.15
9/18/2021,3,Genna Serrano,Santa Cruz Bikes,2,9070.34
9/19/2021,5,Jannette David,Baldwin Bikes,1,6495.97
9/19/2021,6,Marcelene Boyer,Baldwin Bikes,2,9563.14
9/19/2021,7,Venita Daniel,Baldwin Bikes,1,9044.92
9/20/2021,6,Marcelene Boyer,Baldwin Bikes,1,480.59
9/20/2021,8,Kali Vargas,Rowlett Bikes,1,10951.56
9/21/2021,2,Mireya Copeland,Santa Cruz Bikes,2,8439.62
9/21/2021,8,Kali Vargas,Rowlett Bikes,1,13765.54
9/22/2021,2,Mireya Copeland,Santa Cruz Bikes,1,1619.99
9/23/2021,1,Fabiola Jackson,Santa Cruz Bikes,1,4459.21
9/24/2021,2,Mireya Copeland,Santa Cruz Bikes,1,2190.56
9/24/2021,7,Venita Daniel,Baldwin Bikes,1,176.69
9/25/2021,6,Marcelene Boyer,Baldwin Bikes,2,4371.19
9/25/2021,7,Venita Daniel,Baldwin Bikes,2,5346.3
9/27/2021,7,Venita Daniel,Baldwin Bikes,1,7575.34
9/28/2021,7,Venita Daniel,Baldwin Bikes,1,2664.96
9/29/2021,3,Genna Serrano,Santa Cruz Bikes,1,1899.98
9/29/2021,6,Marcelene Boyer,Baldwin Bikes,1,5732.46
9/30/2021,5,Jannette David,Baldwin Bikes,2,3232.94
9/30/2021,7,Venita Daniel,Baldwin Bikes,2,5385.39
10/1/2021,1,Fabiola Jackson,Santa Cruz Bikes,1,949.17
10/1/2021,2,Mireya Copeland,Santa Cruz Bikes,1,3722.98
10/1/2021,3,Genna Serrano,Santa Cruz Bikes,2,6444.42
10/1/2021,5,Jannette David,Baldwin Bikes,1,3278.04
10/1/2021,6,Marcelene Boyer,Baldwin Bikes,3,22858.74
10/2/2021,7,Venita Daniel,Baldwin Bikes,1,1063.89
10/3/2021,7,Venita Daniel,Baldwin Bikes,1,1026.7
10/4/2021,2,Mireya Copeland,Santa Cruz Bikes,2,21793.39
10/4/2021,6,Marcelene Boyer,Baldwin Bikes,1,8787.12
10/5/2021,5,Jannette David,Baldwin Bikes,1,3671.7
10/5/2021,6,Marcelene Boyer,Baldwin Bikes,1,16846.95
10/7/2021,7,Venita Daniel,Baldwin Bikes,1,1590.85
10/8/2021,5,Jannette David,Baldwin Bikes,1,1595.66
10/8/2021,7,Venita Daniel,Baldwin Bikes,1,1949.63
10/9/2021,6,Marcelene Boyer,Baldwin Bikes,1,13947.54
10/10/2021,3,Genna Serrano,Santa Cruz Bikes,1,170.99
10/12/2021,2,Mireya Copeland,Santa Cruz Bikes,1,2891.75
10/12/2021,9,Layla Terrell,Rowlett Bikes,1,7091.93
10/12/2021,10,Bernardine Houston,Rowlett Bikes,1,6905.97
10/13/2021,3,Genna Serrano,Santa Cruz Bikes,1,466.84
10/13/2021,7,Venita Daniel,Baldwin Bikes,2,7490.66
10/14/2021,5,Jannette David,Baldwin Bikes,2,15155.76
10/14/2021,6,Marcelene Boyer,Baldwin Bikes,2,6448.27
10/15/2021,5,Jannette David,Baldwin Bikes,1,12392.95
10/15/2021,6,Marcelene Boyer,Baldwin Bikes,1,5834.13
10/15/2021,7,Venita Daniel,Baldwin Bikes,1,1353.74
10/16/2021,6,Marcelene Boyer,Baldwin Bikes,1,387.8
10/17/2021,5,Jannette David,Baldwin Bikes,1,1951.34
10/17/2021,6,Marcelene Boyer,Baldwin Bikes,1,9833.65
10/17/2021,7,Venita Daniel,Baldwin Bikes,1,1234.97
10/19/2021,2,Mireya Copeland,Santa Cruz Bikes,1,8901.79
10/19/2021,5,Jannette David,Baldwin Bikes,1,697.49
10/19/2021,7,Venita Daniel,Baldwin Bikes,1,814.67
10/21/2021,6,Marcelene Boyer,Baldwin Bikes,1,7526.03
10/22/2021,7,Venita Daniel,Baldwin Bikes,1,507.29
10/23/2021,2,Mireya Copeland,Santa Cruz Bikes,1,1662.05
10/23/2021,5,Jannette David,Baldwin Bikes,1,2548.97
10/23/2021,6,Marcelene Boyer,Baldwin Bikes,1,3679.98
10/24/2021,5,Jannette David,Baldwin Bikes,1,208.98
10/25/2021,6,Marcelene Boyer,Baldwin Bikes,1,706.78
10/25/2021,7,Venita Daniel,Baldwin Bikes,1,3439.17
10/26/2021,2,Mireya Copeland,Santa Cruz Bikes,1,4445.06
10/26/2021,5,Jannette David,Baldwin Bikes,3,3258.93
10/26/2021,7,Venita Daniel,Baldwin Bikes,1,1988.05
10/26/2021,8,Kali Vargas,Rowlett Bikes,1,4327.02
10/27/2021,6,Marcelene Boyer,Baldwin Bikes,1,4789.73
10/27/2021,7,Venita Daniel,Baldwin Bikes,1,4394.94
10/27/2021,9,Layla Terrell,Rowlett Bikes,1,2899.48
10/28/2021,5,Jannette David,Baldwin Bikes,2,15229.15
10/28/2021,7,Venita Daniel,Baldwin Bikes,2,11494.67
10/30/2021,4,Virgie Wiggins,Santa Cruz Bikes,1,1368.07
10/30/2021,7,Venita Daniel,Baldwin Bikes,1,15097.9
10/31/2021,6,Marcelene Boyer,Baldwin Bikes,1,12867.95
10/31/2021,7,Venita Daniel,Baldwin Bikes,1,8336.41
11/1/2021,8,Kali Vargas,Rowlett Bikes,1,279.99
11/2/2021,6,Marcelene Boyer,Baldwin Bikes,1,524.39
11/3/2021,6,Marcelene Boyer,Baldwin Bikes,1,9908.46
11/4/2021,2,Mireya Copeland,Santa Cruz Bikes,1,6515.95
11/4/2021,5,Jannette David,Baldwin Bikes,1,6762.13
11/4/2021,6,Marcelene Boyer,Baldwin Bikes,1,5627.95
11/4/2021,7,Venita Daniel,Baldwin Bikes,1,13033.59
11/5/2021,1,Fabiola Jackson,Santa Cruz Bikes,1,10549.34
11/5/2021,5,Jannette David,Baldwin Bikes,1,1868.96
11/5/2021,6,Marcelene Boyer,Baldwin Bikes,1,1753.77
11/6/2021,3,Genna Serrano,Santa Cruz Bikes,1,7040.84
11/6/2021,6,Marcelene Boyer,Baldwin Bikes,1,11463.95
11/7/2021,5,Jannette David,Baldwin Bikes,2,14605.57
11/8/2021,7,Venita Daniel,Baldwin Bikes,1,2658.76
11/9/2021,2,Mireya Copeland,Santa Cruz Bikes,1,6578.92
11/9/2021,6,Marcelene Boyer,Baldwin Bikes,1,5528.95
11/9/2021,7,Venita Daniel,Baldwin Bikes,1,2800.29
11/10/2021,5,Jannette David,Baldwin Bikes,1,5588.51
11/10/2021,7,Venita Daniel,Baldwin Bikes,1,1210.27
11/11/2021,5,Jannette David,Baldwin Bikes,1,3136.04
11/11/2021,6,Marcelene Boyer,Baldwin Bikes,1,502.19
11/12/2021,6,Marcelene Boyer,Baldwin Bikes,1,2840.04
11/13/2021,5,Jannette David,Baldwin Bikes,1,3994.45
11/13/2021,7,Venita Daniel,Baldwin Bikes,1,242.99
11/16/2021,2,Mireya Copeland,Santa Cruz Bikes,1,6023.95
11/16/2021,4,Virgie Wiggins,Santa Cruz Bikes,1,2032.44
11/17/2021,5,Jannette David,Baldwin Bikes,1,3668.92
11/17/2021,6,Marcelene Boyer,Baldwin Bikes,1,7782.87
11/17/2021,10,Bernardine Houston,Rowlett Bikes,1,17834.96
11/18/2021,3,Genna Serrano,Santa Cruz Bikes,1,4210.36
11/18/2021,6,Marcelene Boyer,Baldwin Bikes,1,1303.06
11/18/2021,7,Venita Daniel,Baldwin Bikes,1,889.58
11/19/2021,6,Marcelene Boyer,Baldwin Bikes,2,12696.4
11/19/2021,7,Venita Daniel,Baldwin Bikes,1,11428.65
11/20/2021,7,Venita Daniel,Baldwin Bikes,1,1019.96
11/21/2021,7,Venita Daniel,Baldwin Bikes,1,1763.19
11/22/2021,6,Marcelene Boyer,Baldwin Bikes,1,1845.88
11/23/2021,5,Jannette David,Baldwin Bikes,1,11787.55
11/23/2021,6,Marcelene Boyer,Baldwin Bikes,1,4829.18
11/23/2021,7,Venita Daniel,Baldwin Bikes,1,3439.45
11/24/2021,5,Jannette David,Baldwin Bikes,1,4236.34
11/24/2021,7,Venita Daniel,Baldwin Bikes,1,3799.16
11/25/2021,6,Marcelene Boyer,Baldwin Bikes,2,3725.94
11/26/2021,3,Genna Serrano,Santa Cruz Bikes,1,5806.03
11/26/2021,5,Jannette David,Baldwin Bikes,1,8263.86
11/26/2021,6,Marcelene Boyer,Baldwin Bikes,1,2559.99
11/27/2021,5,Jannette David,Baldwin Bikes,2,18403.49
11/27/2021,6,Marcelene Boyer,Baldwin Bikes,1,1850.05
11/28/2021,7,Venita Daniel,Baldwin Bikes,1,989.99
11/29/2021,2,Mireya Copeland,Santa Cruz Bikes,1,5549.98
11/30/2021,6,Marcelene Boyer,Baldwin Bikes,1,8820.15
12/1/2021,5,Jannette David,Baldwin Bikes,1,1416.57
12/1/2021,6,Marcelene Boyer,Baldwin Bikes,2,24253.71
12/1/2021,9,Layla Terrell,Rowlett Bikes,1,5185.83
12/2/2021,5,Jannette David,Baldwin Bikes,1,8011.31
12/3/2021,6,Marcelene Boyer,Baldwin Bikes,1,10047.42
12/4/2021,5,Jannette David,Baldwin Bikes,2,18232.17
12/4/2021,7,Venita Daniel,Baldwin Bikes,2,10426.01
12/6/2021,2,Mireya Copeland,Santa Cruz Bikes,1,4507.61
12/7/2021,3,Genna Serrano,Santa Cruz Bikes,1,9327.73
12/7/2021,9,Layla Terrell,Rowlett Bikes,1,8481.89
12/8/2021,3,Genna Serrano,Santa Cruz Bikes,1,1099.48
12/8/2021,5,Jannette David,Baldwin Bikes,1,2309.3
12/9/2021,6,Marcelene Boyer,Baldwin Bikes,1,11299.97
12/10/2021,5,Jannette David,Baldwin Bikes,1,2200.94
12/10/2021,6,Marcelene Boyer,Baldwin Bikes,1,613.79
12/11/2021,1,Fabiola Jackson,Santa Cruz Bikes,1,1082.97
12/11/2021,7,Venita Daniel,Baldwin Bikes,1,6945.76
12/14/2021,3,Genna Serrano,Santa Cruz Bikes,1,3058.94
12/14/2021,6,Marcelene Boyer,Baldwin Bikes,1,18281.47
12/14/2021,8,Kali Vargas,Rowlett Bikes,1,3346.03
12/15/2021,2,Mireya Copeland,Santa Cruz Bikes,1,2780.54
12/15/2021,6,Marcelene Boyer,Baldwin Bikes,1,10132.36
12/16/2021,3,Genna Serrano,Santa Cruz Bikes,1,3793.15
12/16/2021,6,Marcelene Boyer,Baldwin Bikes,1,2093.41
12/16/2021,7,Venita Daniel,Baldwin Bikes,2,19817.39
12/17/2021,7,Venita Daniel,Baldwin Bikes,1,5315.9
12/20/2021,6,Marcelene Boyer,Baldwin Bikes,1,11210.72
12/22/2021,1,Fabiola Jackson,Santa Cruz Bikes,1,2518.14
12/22/2021,6,Marcelene Boyer,Baldwin Bikes,1,633.62
12/22/2021,7,Venita Daniel,Baldwin Bikes,1,8712.84
12/24/2021,3,Genna Serrano,Santa Cruz Bikes,1,8945.75
12/24/2021,5,Jannette David,Baldwin Bikes,1,5863.44
12/25/2021,3,Genna Serrano,Santa Cruz Bikes,2,5549.74
12/25/2021,4,Virgie Wiggins,Santa Cruz Bikes,1,1250.86
12/25/2021,7,Venita Daniel,Baldwin Bikes,1,2217.64
12/26/2021,1,Fabiola Jackson,Santa Cruz Bikes,1,728.97
12/27/2021,4,Virgie Wiggins,Santa Cruz Bikes,1,593.99
12/27/2021,6,Marcelene Boyer,Baldwin Bikes,2,8066.03
12/28/2021,3,Genna Serrano,Santa Cruz Bikes,1,1113.26
12/30/2021,2,Mireya Copeland,Santa Cruz Bikes,1,3824.06
12/31/2021,5,Jannette David,Baldwin Bikes,1,3056.96
12/31/2021,7,Venita Daniel,Baldwin Bikes,1,5665.76
1/1/2022,6,Marcelene Boyer,Baldwin Bikes,1,5835.85
1/1/2022,8,Kali Vargas,Rowlett Bikes,1,8729.96
1/1/2022,9,Layla Terrell,Rowlett Bikes,1,5579.96
1/2/2022,6,Marcelene Boyer,Baldwin Bikes,2,11804.98
1/4/2022,3,Genna Serrano,Santa Cruz Bikes,1,4685.09
1/4/2022,7,Venita Daniel,Baldwin Bikes,1,3546.92
1/5/2022,5,Jannette David,Baldwin Bikes,1,6701.45
1/6/2022,7,Venita Daniel,Baldwin Bikes,1,2658.14
1/6/2022,10,Bernardine Houston,Rowlett Bikes,1,12369.62
1/7/2022,5,Jannette David,Baldwin Bikes,1,20509.42
1/7/2022,7,Venita Daniel,Baldwin Bikes,1,4274.98
1/9/2022,2,Mireya Copeland,Santa Cruz Bikes,1,14397.13
1/9/2022,7,Venita Daniel,Baldwin Bikes,1,4499.99
1/10/2022,6,Marcelene Boyer,Baldwin Bikes,1,12089.98
1/11/2022,1,Fabiola Jackson,Santa Cruz Bikes,1,2975.99
1/12/2022,3,Genna Serrano,Santa Cruz Bikes,1,4030.95
1/12/2022,5,Jannette David,Baldwin Bikes,1,12381.82
1/12/2022,7,Venita Daniel,Baldwin Bikes,1,1681.48
1/13/2022,6,Marcelene Boyer,Baldwin Bikes,2,17893.28
1/14/2022,5,Jannette David,Baldwin Bikes,1,17758.34
1/14/2022,10,Bernardine Houston,Rowlett Bikes,1,8797.04
1/15/2022,2,Mireya Copeland,Santa Cruz Bikes,2,31219.42
1/15/2022,6,Marcelene Boyer,Baldwin Bikes,1,18853.35
1/15/2022,7,Venita Daniel,Baldwin Bikes,1,8127.94
1/16/2022,6,Marcelene Boyer,Baldwin Bikes,1,4226.23
1/16/2022,7,Venita Daniel,Baldwin Bikes,1,1797.97
1/17/2022,6,Marcelene Boyer,Baldwin Bikes,1,2312.44
1/19/2022,2,Mireya Copeland,Santa Cruz Bikes,1,8445.95
1/19/2022,3,Genna Serrano,Santa Cruz Bikes,1,1394.98
1/19/2022,7,Venita Daniel,Baldwin Bikes,1,9479.95
1/20/2022,5,Jannette David,Baldwin Bikes,1,4863.96
1/21/2022,1,Fabiola Jackson,Santa Cruz Bikes,1,1439.98
1/21/2022,9,Layla Terrell,Rowlett Bikes,1,892.98
1/22/2022,6,Marcelene Boyer,Baldwin Bikes,1,1551.34
1/22/2022,7,Venita Daniel,Baldwin Bikes,1,8303.37
1/23/2022,6,Marcelene Boyer,Baldwin Bikes,1,12935.94
1/24/2022,5,Jannette David,Baldwin Bikes,1,451.78
1/25/2022,6,Marcelene Boyer,Baldwin Bikes,1,24890.62
1/25/2022,7,Venita Daniel,Baldwin Bikes,1,6803.97
1/26/2022,6,Marcelene Boyer,Baldwin Bikes,1,9173.38
1/27/2022,3,Genna Serrano,Santa Cruz Bikes,1,7947.44
1/27/2022,5,Jannette David,Baldwin Bikes,1,4737.26
1/28/2022,6,Marcelene Boyer,Baldwin Bikes,1,512.98
1/28/2022,7,Venita Daniel,Baldwin Bikes,1,8327.94
1/29/2022,5,Jannette David,Baldwin Bikes,1,3865.76
1/29/2022,6,Marcelene Boyer,Baldwin Bikes,1,1209.47
1/29/2022,9,Layla Terrell,Rowlett Bikes,1,3149.99
1/30/2022,4,Virgie Wiggins,Santa Cruz Bikes,1,5891.16
1/30/2022,8,Kali Vargas,Rowlett Bikes,1,5419.97
2/1/2022,4,Virgie Wiggins,Santa Cruz Bikes,1,1228.52
2/1/2022,7,Venita Daniel,Baldwin Bikes,1,18278.94
2/2/2022,2,Mireya Copeland,Santa Cruz Bikes,1,9712.95
2/2/2022,6,Marcelene Boyer,Baldwin Bikes,1,1538.96
2/5/2022,3,Genna Serrano,Santa Cruz Bikes,1,2419.76
2/5/2022,7,Venita Daniel,Baldwin Bikes,1,1987.96
2/6/2022,6,Marcelene Boyer,Baldwin Bikes,1,5332.94
2/7/2022,3,Genna Serrano,Santa Cruz Bikes,1,6259.26
2/8/2022,5,Jannette David,Baldwin Bikes,1,6718.55
2/8/2022,9,Layla Terrell,Rowlett Bikes,1,6843.94
2/9/2022,2,Mireya Copeland,Santa Cruz Bikes,1,5515.96
2/9/2022,7,Venita Daniel,Baldwin Bikes,2,3104.98
2/11/2022,5,Jannette David,Baldwin Bikes,1,6971.55
2/12/2022,7,Venita Daniel,Baldwin Bikes,1,9200.82
2/13/2022,5,Jannette David,Baldwin Bikes,1,1793.75
2/13/2022,6,Marcelene Boyer,Baldwin Bikes,1,2013.96
2/14/2022,5,Jannette David,Baldwin Bikes,1,11183.04
2/14/2022,8,Kali Vargas,Rowlett Bikes,1,4749.98
2/15/2022,4,Virgie Wiggins,Santa Cruz Bikes,1,7663.94
2/15/2022,6,Marcelene Boyer,Baldwin Bikes,1,9314.83
2/15/2022,7,Venita Daniel,Baldwin Bikes,1,3659.98
2/16/2022,1,Fabiola Jackson,Santa Cruz Bikes,1,1392.27
2/16/2022,6,Marcelene Boyer,Baldwin Bikes,1,6183.56
2/17/2022,5,Jannette David,Baldwin Bikes,1,2738.24
2/18/2022,7,Venita Daniel,Baldwin Bikes,1,1961.86
2/19/2022,5,Jannette David,Baldwin Bikes,1,14249.64
2/21/2022,7,Venita Daniel,Baldwin Bikes,1,377.98
2/23/2022,3,Genna Serrano,Santa Cruz Bikes,1,5444.95
2/25/2022,6,Marcelene Boyer,Baldwin Bikes,1,5399.98
2/25/2022,7,Venita Daniel,Baldwin Bikes,1,1257.97
2/26/2022,6,Marcelene Boyer,Baldwin Bikes,2,9063.52
2/26/2022,10,Bernardine Houston,Rowlett Bikes,1,9481.43
2/27/2022,5,Jannette David,Baldwin Bikes,1,17611.95
3/1/2022,2,Mireya Copeland,Santa Cruz Bikes,1,3899.97
3/1/2022,7,Venita Daniel,Baldwin Bikes,1,7256.77
3/1/2022,8,Kali Vargas,Rowlett Bikes,1,531.98
3/3/2022,5,Jannette David,Baldwin Bikes,1,4521.88
3/3/2022,7,Venita Daniel,Baldwin Bikes,1,6102.96
3/3/2022,9,Layla Terrell,Rowlett Bikes,1,4458.95
3/4/2022,1,Fabiola Jackson,Santa Cruz Bikes,1,1023.98
3/4/2022,6,Marcelene Boyer,Baldwin Bikes,2,8936.01
3/4/2022,7,Venita Daniel,Baldwin Bikes,1,9849.07
3/5/2022,7,Venita Daniel,Baldwin Bikes,1,531.98
3/5/2022,8,Kali Vargas,Rowlett Bikes,1,3535.27
3/6/2022,2,Mireya Copeland,Santa Cruz Bikes,1,2119.25
3/7/2022,2,Mireya Copeland,Santa Cruz Bikes,1,7999.98
3/7/2022,5,Jannette David,Baldwin Bikes,1,2135.06
3/7/2022,6,Marcelene Boyer,Baldwin Bikes,2,16845.83
3/8/2022,5,Jannette David,Baldwin Bikes,1,1055.98
3/8/2022,7,Venita Daniel,Baldwin Bikes,1,14935.03
3/10/2022,7,Venita Daniel,Baldwin Bikes,1,601.58
3/11/2022,6,Marcelene Boyer,Baldwin Bikes,2,8914.16
3/11/2022,7,Venita Daniel,Baldwin Bikes,1,232.49
3/14/2022,5,Jannette David,Baldwin Bikes,1,5923.95
3/14/2022,6,Marcelene Boyer,Baldwin Bikes,2,14233.51
3/15/2022,4,Virgie Wiggins,Santa Cruz Bikes,1,3039.98
3/15/2022,6,Marcelene Boyer,Baldwin Bikes,1,14405.04
3/15/2022,7,Venita Daniel,Baldwin Bikes,1,10266.95
3/15/2022,8,Kali Vargas,Rowlett Bikes,1,7659.33
3/15/2022,9,Layla Terrell,Rowlett Bikes,1,2877.76
3/16/2022,5,Jannette David,Baldwin Bikes,1,6396.96
3/16/2022,6,Marcelene Boyer,Baldwin Bikes,1,3227.39
3/16/2022,7,Venita Daniel,Baldwin Bikes,1,4700.06
3/17/2022,6,Marcelene Boyer,Baldwin Bikes,1,3229.95
3/17/2022,7,Venita Daniel,Baldwin Bikes,1,3766.63
3/18/2022,3,Genna Serrano,Santa Cruz Bikes,1,4399.99
3/18/2022,6,Marcelene Boyer,Baldwin Bikes,1,674.99
3/18/2022,7,Venita Daniel,Baldwin Bikes,1,11972.92
3/19/2022,6,Marcelene Boyer,Baldwin Bikes,1,1396.49
3/19/2022,7,Venita Daniel,Baldwin Bikes,1,13773.62
3/20/2022,3,Genna Serrano,Santa Cruz Bikes,2,2698.53
3/20/2022,5,Jannette David,Baldwin Bikes,1,4041.15
3/20/2022,6,Marcelene Boyer,Baldwin Bikes,2,6206.43
3/20/2022,7,Venita Daniel,Baldwin Bikes,1,6887.13
3/20/2022,10,Bernardine Houston,Rowlett Bikes,1,2804.14
3/21/2022,7,Venita Daniel,Baldwin Bikes,2,15700.34
3/22/2022,6,Marcelene Boyer,Baldwin Bikes,2,6516.93
3/23/2022,5,Jannette David,Baldwin Bikes,1,13821.53
3/24/2022,7,Venita Daniel,Baldwin Bikes,1,8936.44
3/25/2022,7,Venita Daniel,Baldwin Bikes,1,1253.98
3/26/2022,3,Genna Serrano,Santa Cruz Bikes,1,9532.35
3/26/2022,5,Jannette David,Baldwin Bikes,1,3643.54
3/27/2022,2,Mireya Copeland,Santa Cruz Bikes,1,15999.96
3/27/2022,8,Kali Vargas,Rowlett Bikes,1,6150.93
3/28/2022,7,Venita Daniel,Baldwin Bikes,2,12647.72
3/29/2022,5,Jannette David,Baldwin Bikes,1,727.98
3/30/2022,2,Mireya Copeland,Santa Cruz Bikes,1,631.67
3/30/2022,3,Genna Serrano,Santa Cruz Bikes,1,1669.98
3/30/2022,6,Marcelene Boyer,Baldwin Bikes,1,7952.04
3/31/2022,6,Marcelene Boyer,Baldwin Bikes,2,4160.37
3/31/2022,7,Venita Daniel,Baldwin Bikes,1,14573.92
4/1/2022,5,Jannette David,Baldwin Bikes,1,25365.43
4/1/2022,6,Marcelene Boyer,Baldwin Bikes,1,2222.97
4/1/2022,7,Venita Daniel,Baldwin Bikes,2,8374.1
4/2/2022,5,Jannette David,Baldwin Bikes,1,4050.45
4/2/2022,6,Marcelene Boyer,Baldwin Bikes,1,7487.14
4/2/2022,7,Venita Daniel,Baldwin Bikes,2,5986.24
4/3/2022,1,Fabiola Jackson,Santa Cruz Bikes,1,12259.93
4/3/2022,3,Genna Serrano,Santa Cruz Bikes,1,3636.36
4/3/2022,4,Virgie Wiggins,Santa Cruz Bikes,2,5712.95
4/4/2022,3,Genna Serrano,Santa Cruz Bikes,1,9389.03
4/4/2022,7,Venita Daniel,Baldwin Bikes,1,683.98
4/4/2022,8,Kali Vargas,Rowlett Bikes,1,386.99
4/5/2022,3,Genna Serrano,Santa Cruz Bikes,1,2448.94
4/5/2022,7,Venita Daniel,Baldwin Bikes,1,4242.06
4/6/2022,1,Fabiola Jackson,Santa Cruz Bikes,1,4270.43
4/6/2022,2,Mireya Copeland,Santa Cruz Bikes,2,23553.83
4/6/2022,3,Genna Serrano,Santa Cruz Bikes,1,3031.77
4/6/2022,4,Virgie Wiggins,Santa Cruz Bikes,1,4527.97
4/6/2022,6,Marcelene Boyer,Baldwin Bikes,2,7105.1
4/7/2022,4,Virgie Wiggins,Santa Cruz Bikes,1,1673.97
4/8/2022,2,Mireya Copeland,Santa Cruz Bikes,1,297.59
4/8/2022,6,Marcelene Boyer,Baldwin Bikes,2,9971.48
4/8/2022,7,Venita Daniel,Baldwin Bikes,2,37674.89
4/9/2022,5,Jannette David,Baldwin Bikes,1,14839.98
4/9/2022,6,Marcelene Boyer,Baldwin Bikes,1,7435.5
4/9/2022,10,Bernardine Houston,Rowlett Bikes,2,2241.27
4/10/2022,1,Fabiola Jackson,Santa Cruz Bikes,1,14544.95
4/10/2022,3,Genna Serrano,Santa Cruz Bikes,2,26765.88
4/11/2022,2,Mireya Copeland,Santa Cruz Bikes,2,17801.9
4/11/2022,4,Virgie Wiggins,Santa Cruz Bikes,1,14035.92
4/11/2022,7,Venita Daniel,Baldwin Bikes,1,7744.68
4/11/2022,8,Kali Vargas,Rowlett Bikes,1,11710.93
4/12/2022,3,Genna Serrano,Santa Cruz Bikes,2,7905.02
4/12/2022,6,Marcelene Boyer,Baldwin Bikes,1,7066.06
4/12/2022,7,Venita Daniel,Baldwin Bikes,3,19875.56
4/12/2022,8,Kali Vargas,Rowlett Bikes,1,687.98
4/12/2022,9,Layla Terrell,Rowlett Bikes,1,4747.36
4/12/2022,10,Bernardine Houston,Rowlett Bikes,1,11084.97
4/13/2022,2,Mireya Copeland,Santa Cruz Bikes,2,2870.07
4/13/2022,5,Jannette David,Baldwin Bikes,1,5579.98
4/13/2022,6,Marcelene Boyer,Baldwin Bikes,1,8782.13
4/14/2022,5,Jannette David,Baldwin Bikes,2,11987.42
4/14/2022,7,Venita Daniel,Baldwin Bikes,1,9986.44
4/15/2022,6,Marcelene Boyer,Baldwin Bikes,3,14161.57
4/16/2022,2,Mireya Copeland,Santa Cruz Bikes,1,12914.13
4/16/2022,5,Jannette David,Baldwin Bikes,1,29147.02
4/16/2022,6,Marcelene Boyer,Baldwin Bikes,2,16448.85
4/17/2022,1,Fabiola Jackson,Santa Cruz Bikes,1,12039.95
4/17/2022,3,Genna Serrano,Santa Cruz Bikes,1,782.99
4/17/2022,4,Virgie Wiggins,Santa Cruz Bikes,3,19845.1
4/17/2022,5,Jannette David,Baldwin Bikes,1,6399.98
4/17/2022,6,Marcelene Boyer,Baldwin Bikes,1,12117.72
4/17/2022,7,Venita Daniel,Baldwin Bikes,2,8762.41
4/18/2022,1,Fabiola Jackson,Santa Cruz Bikes,1,4000.16
4/18/2022,4,Virgie Wiggins,Santa Cruz Bikes,1,936.48
4/18/2022,5,Jannette David,Baldwin Bikes,1,13431.05
4/18/2022,6,Marcelene Boyer,Baldwin Bikes,1,8987.72
4/19/2022,3,Genna Serrano,Santa Cruz Bikes,1,2509.14
4/19/2022,6,Marcelene Boyer,Baldwin Bikes,1,10885.54
4/20/2022,5,Jannette David,Baldwin Bikes,1,4623.96
4/20/2022,6,Marcelene Boyer,Baldwin Bikes,1,7084.45
4/20/2022,7,Venita Daniel,Baldwin Bikes,2,11488.74
4/20/2022,9,Layla Terrell,Rowlett Bikes,1,3254.99
4/21/2022,2,Mireya Copeland,Santa Cruz Bikes,2,2975.33
4/21/2022,3,Genna Serrano,Santa Cruz Bikes,3,16760.54
4/22/2022,5,Jannette David,Baldwin Bikes,2,5440.74
4/22/2022,7,Venita Daniel,Baldwin Bikes,1,11159.99
4/22/2022,9,Layla Terrell,Rowlett Bikes,1,8237.94
4/23/2022,2,Mireya Copeland,Santa Cruz Bikes,2,6918.51
4/23/2022,3,Genna Serrano,Santa Cruz Bikes,1,9182.22
4/23/2022,5,Jannette David,Baldwin Bikes,2,16101.06
4/23/2022,7,Venita Daniel,Baldwin Bikes,1,8025.86
4/24/2022,2,Mireya Copeland,Santa Cruz Bikes,1,5019.95
4/24/2022,3,Genna Serrano,Santa Cruz Bikes,1,1114.16
4/25/2022,2,Mireya Copeland,Santa Cruz Bikes,1,672.98
4/25/2022,3,Genna Serrano,Santa Cruz Bikes,1,3347.97
4/25/2022,6,Marcelene Boyer,Baldwin Bikes,1,967.47
4/26/2022,1,Fabiola Jackson,Santa Cruz Bikes,1,11444.93
4/26/2022,2,Mireya Copeland,Santa Cruz Bikes,2,14246.68
4/26/2022,3,Genna Serrano,Santa Cruz Bikes,1,13293.92
4/26/2022,6,Marcelene Boyer,Baldwin Bikes,1,390.58
4/27/2022,2,Mireya Copeland,Santa Cruz Bikes,1,6357.92
4/27/2022,3,Genna Serrano,Santa Cruz Bikes,2,13066.91
4/27/2022,5,Jannette David,Baldwin Bikes,1,18523.17
4/27/2022,7,Venita Daniel,Baldwin Bikes,1,17181.04
4/28/2022,3,Genna Serrano,Santa Cruz Bikes,1,736.59
4/28/2022,5,Jannette David,Baldwin Bikes,1,303.99
4/28/2022,7,Venita Daniel,Baldwin Bikes,1,1205.97
4/28/2022,9,Layla Terrell,Rowlett Bikes,1,5393.98
4/29/2022,3,Genna Serrano,Santa Cruz Bikes,1,7141.96
4/29/2022,6,Marcelene Boyer,Baldwin Bikes,1,5470.37
4/29/2022,7,Venita Daniel,Baldwin Bikes,1,771.18
4/29/2022,8,Kali Vargas,Rowlett Bikes,1,10937.33
4/30/2022,5,Jannette David,Baldwin Bikes,1,3223.63
4/30/2022,6,Marcelene Boyer,Baldwin Bikes,1,436.98
6/17/2022,7,Venita Daniel,Baldwin Bikes,1,188.99
7/1/2022,8,Kali Vargas,Rowlett Bikes,1,8597.94
7/10/2022,9,Layla Terrell,Rowlett Bikes,1,782.98
7/11/2022,2,Mireya Copeland,Santa Cruz Bikes,1,949.99
7/12/2022,1,Fabiola Jackson,Santa Cruz Bikes,1,1006.98
8/23/2022,7,Venita Daniel,Baldwin Bikes,1,2483.15
8/25/2022,5,Jannette David,Baldwin Bikes,1,5894.66
9/6/2022,7,Venita Daniel,Baldwin Bikes,1,8963.96
10/21/2022,3,Genna Serrano,Santa Cruz Bikes,1,3781.12
11/18/2022,6,Marcelene Boyer,Baldwin Bikes,1,5257.97
11/28/2022,8,Kali Vargas,Rowlett Bikes,1,6104.03
12/28/2022,8,Kali Vargas,Rowlett Bikes,1,6516.96
