product_key,product_id,product_name,model_year,brand_name,category_name
1,1,Trek 820 - 2016,2016,Trek,Mountain Bikes
2,2,Ritchey Timberwolf Frameset - 2016,2016,Ritchey,Mountain Bikes
3,3,Surly Wednesday Frameset - 2016,2016,Surly,Mountain Bikes
4,4,Trek Fuel EX 8 29 - 2016,2016,Trek,Mountain Bikes
5,5,Heller Shagamaw Frame - 2016,2016,Heller,Mountain Bikes
6,6,Surly Ice Cream Truck Frameset - 2016,2016,Surly,Mountain Bikes
7,7,Trek Slash 8 27.5 - 2016,2016,Trek,Mountain Bikes
8,8,Trek Remedy 29 Carbon Frameset - 2016,2016,Trek,Mountain Bikes
9,9,Trek Conduit+ - 2016,2016,Trek,Electric Bikes
10,10,Surly Straggler - 2016,2016,Surly,Cyclocross Bicycles
11,11,Surly Straggler 650b - 2016,2016,Surly,Cyclocross Bicycles
12,12,Electra Townie Original 21D - 2016,2016,Electra,Cruisers Bicycles
13,13,Electra Cruiser 1 (24-Inch) - 2016,2016,Electra,Cruisers Bicycles
14,14,Electra Girl's Hawaii 1 (16-inch) - 2015/2016,2016,Electra,Cruisers Bicycles
15,15,Electra Moto 1 - 2016,2016,Electra,Cruisers Bicycles
16,16,Electra Townie Original 7D EQ - 2016,2016,Electra,Cruisers Bicycles
17,17,Pure Cycles Vine 8-Speed - 2016,2016,Pure Cycles,Cruisers Bicycles
18,18,Pure Cycles Western 3-Speed - Women's - 2015/2016,2016,Pure Cycles,Cruisers Bicycles
19,19,Pure Cycles William 3-Speed - 2016,2016,Pure Cycles,Cruisers Bicycles
20,20,Electra Townie Original 7D EQ - Women's - 2016,2016,Electra,Cruisers Bicycles
21,21,Electra Cruiser 1 (24-Inch) - 2016,2016,Electra,Children Bicycles
22,22,Electra Girl's Hawaii 1 (16-inch) - 2015/2016,2016,Electra,Children Bicycles
23,23,Electra Girl's Hawaii 1 (20-inch) - 2015/2016,2016,Electra,Children Bicycles
24,24,Electra Townie Original 21D - 2016,2016,Electra,Comfort Bicycles
25,25,Electra Townie Original 7D - 2015/2016,2016,Electra,Comfort Bicycles
26,26,Electra Townie Original 7D EQ - 2016,2016,Electra,Comfort Bicycles
27,27,Surly Big Dummy Frameset - 2017,2017,Surly,Mountain Bikes
28,28,Surly Karate Monkey 27.5+ Frameset - 2017,2017,Surly,Mountain Bikes
29,29,Trek X-Caliber 8 - 2017,2017,Trek,Mountain Bikes
30,30,Surly Ice Cream Truck Frameset - 2017,2017,Surly,Mountain Bikes
31,31,Surly Wednesday - 2017,2017,Surly,Mountain Bikes
32,32,Trek Farley Alloy Frameset - 2017,2017,Trek,Mountain Bikes
33,33,Surly Wednesday Frameset - 2017,2017,Surly,Mountain Bikes
34,34,Trek Session DH 27.5 Carbon Frameset - 2017,2017,Trek,Mountain Bikes
35,35,Sun Bicycles Spider 3i - 2017,2017,Sun Bicycles,Mountain Bikes
36,36,Surly Troll Frameset - 2017,2017,Surly,Mountain Bikes
37,37,Haro Flightline One ST - 2017,2017,Haro,Mountain Bikes
38,38,Haro Flightline Two 26 Plus - 2017,2017,Haro,Mountain Bikes
39,39,Trek Stache 5 - 2017,2017,Trek,Mountain Bikes
40,40,Trek Fuel EX 9.8 29 - 2017,2017,Trek,Mountain Bikes
41,41,Haro Shift R3 - 2017,2017,Haro,Mountain Bikes
42,42,Trek Fuel EX 5 27.5 Plus - 2017,2017,Trek,Mountain Bikes
43,43,Trek Fuel EX 9.8 27.5 Plus - 2017,2017,Trek,Mountain Bikes
44,44,Haro SR 1.1 - 2017,2017,Haro,Mountain Bikes
45,45,Haro SR 1.2 - 2017,2017,Haro,Mountain Bikes
46,46,Haro SR 1.3 - 2017,2017,Haro,Mountain Bikes
47,47,Trek Remedy 9.8 - 2017,2017,Trek,Mountain Bikes
48,48,Trek Emonda S 4 - 2017,2017,Trek,Road Bikes
49,49,Trek Domane SL 6 - 2017,2017,Trek,Road Bikes
50,50,Trek Silque SLR 7 Women's - 2017,2017,Trek,Road Bikes
51,51,Trek Silque SLR 8 Women's - 2017,2017,Trek,Road Bikes
52,52,Surly Steamroller - 2017,2017,Surly,Road Bikes
53,53,Surly Ogre Frameset - 2017,2017,Surly,Road Bikes
54,54,Trek Domane SL Disc Frameset - 2017,2017,Trek,Road Bikes
55,55,Trek Domane S 6 - 2017,2017,Trek,Road Bikes
56,56,Trek Domane SLR 6 Disc - 2017,2017,Trek,Road Bikes
57,57,Trek Emonda S 5 - 2017,2017,Trek,Road Bikes
58,58,Trek Madone 9.2 - 2017,2017,Trek,Road Bikes
59,59,Trek Domane S 5 Disc - 2017,2017,Trek,Road Bikes
60,60,Sun Bicycles ElectroLite - 2017,2017,Sun Bicycles,Electric Bikes
61,61,Trek Powerfly 8 FS Plus - 2017,2017,Trek,Electric Bikes
62,62,Trek Boone 7 - 2017,2017,Trek,Cyclocross Bicycles
63,63,Trek Boone Race Shop Limited - 2017,2017,Trek,Cyclocross Bicycles
64,64,Electra Townie Original 7D - 2017,2017,Electra,Cruisers Bicycles
65,65,Sun Bicycles Lil Bolt Type-R - 2017,2017,Sun Bicycles,Cruisers Bicycles
66,66,Sun Bicycles Revolutions 24 - 2017,2017,Sun Bicycles,Cruisers Bicycles
67,67,Sun Bicycles Revolutions 24 - Girl's - 2017,2017,Sun Bicycles,Cruisers Bicycles
68,68,Sun Bicycles Cruz 3 - 2017,2017,Sun Bicycles,Cruisers Bicycles
69,69,Sun Bicycles Cruz 7 - 2017,2017,Sun Bicycles,Cruisers Bicycles
70,70,Electra Amsterdam Original 3i - 2015/2017,2017,Electra,Cruisers Bicycles
71,71,Sun Bicycles Atlas X-Type - 2017,2017,Sun Bicycles,Cruisers Bicycles
72,72,Sun Bicycles Biscayne Tandem 7 - 2017,2017,Sun Bicycles,Cruisers Bicycles
73,73,Sun Bicycles Brickell Tandem 7 - 2017,2017,Sun Bicycles,Cruisers Bicycles
74,74,Electra Cruiser Lux 1 - 2017,2017,Electra,Cruisers Bicycles
75,75,Electra Cruiser Lux Fat Tire 1 Ladies - 2017,2017,Electra,Cruisers Bicycles
76,76,"Electra Girl's Hawaii 1 16"" - 2017",2017,Electra,Cruisers Bicycles
77,77,Electra Glam Punk 3i Ladies' - 2017,2017,Electra,Cruisers Bicycles
78,78,Sun Bicycles Biscayne Tandem CB - 2017,2017,Sun Bicycles,Cruisers Bicycles
79,79,Sun Bicycles Boardwalk (24-inch Wheels) - 2017,2017,Sun Bicycles,Cruisers Bicycles
80,80,Sun Bicycles Brickell Tandem CB - 2017,2017,Sun Bicycles,Cruisers Bicycles
81,81,Electra Amsterdam Fashion 7i Ladies' - 2017,2017,Electra,Cruisers Bicycles
82,82,Electra Amsterdam Original 3i Ladies' - 2017,2017,Electra,Cruisers Bicycles
83,83,Trek Boy's Kickster - 2015/2017,2017,Trek,Children Bicycles
84,84,Sun Bicycles Lil Kitt'n - 2017,2017,Sun Bicycles,Children Bicycles
85,85,Haro Downtown 16 - 2017,2017,Haro,Children Bicycles
86,86,Trek Girl's Kickster - 2017,2017,Trek,Children Bicycles
87,87,Trek Precaliber 12 Boys - 2017,2017,Trek,Children Bicycles
88,88,Trek Precaliber 12 Girls - 2017,2017,Trek,Children Bicycles
89,89,Trek Precaliber 16 Boys - 2017,2017,Trek,Children Bicycles
90,90,Trek Precaliber 16 Girls - 2017,2017,Trek,Children Bicycles
91,91,Trek Precaliber 24 (21-Speed) - Girls - 2017,2017,Trek,Children Bicycles
92,92,Haro Shredder 20 - 2017,2017,Haro,Children Bicycles
93,93,Haro Shredder 20 Girls - 2017,2017,Haro,Children Bicycles
94,94,Haro Shredder Pro 20 - 2017,2017,Haro,Children Bicycles
95,95,"Electra Girl's Hawaii 1 16"" - 2017",2017,Electra,Children Bicycles
96,96,Electra Moto 3i (20-inch) - Boy's - 2017,2017,Electra,Children Bicycles
97,97,Electra Savannah 3i (20-inch) - Girl's - 2017,2017,Electra,Children Bicycles
98,98,Electra Straight 8 3i (20-inch) - Boy's - 2017,2017,Electra,Children Bicycles
99,99,Electra Sugar Skulls 1 (20-inch) - Girl's - 2017,2017,Electra,Children Bicycles
100,100,Electra Townie 3i EQ (20-inch) - Boys' - 2017,2017,Electra,Children Bicycles
101,101,Electra Townie 7D (20-inch) - Boys' - 2017,2017,Electra,Children Bicycles
102,102,Electra Townie Original 7D - 2017,2017,Electra,Comfort Bicycles
103,103,Sun Bicycles Streamway 3 - 2017,2017,Sun Bicycles,Comfort Bicycles
104,104,Sun Bicycles Streamway - 2017,2017,Sun Bicycles,Comfort Bicycles
105,105,Sun Bicycles Streamway 7 - 2017,2017,Sun Bicycles,Comfort Bicycles
106,106,Sun Bicycles Cruz 3 - 2017,2017,Sun Bicycles,Comfort Bicycles
107,107,Sun Bicycles Cruz 7 - 2017,2017,Sun Bicycles,Comfort Bicycles
108,108,Sun Bicycles Cruz 3 - Women's - 2017,2017,Sun Bicycles,Comfort Bicycles
109,109,Sun Bicycles Cruz 7 - Women's - 2017,2017,Sun Bicycles,Comfort Bicycles
110,110,Sun Bicycles Drifter 7 - 2017,2017,Sun Bicycles,Comfort Bicycles
111,111,Sun Bicycles Drifter 7 - Women's - 2017,2017,Sun Bicycles,Comfort Bicycles
112,112,Trek 820 - 2018,2018,Trek,Mountain Bikes
113,113,Trek Marlin 5 - 2018,2018,Trek,Mountain Bikes
114,114,Trek Marlin 6 - 2018,2018,Trek,Mountain Bikes
115,115,Trek Fuel EX 8 29 - 2018,2018,Trek,Mountain Bikes
116,116,Trek Marlin 7 - 2017/2018,2018,Trek,Mountain Bikes
117,117,Trek Ticket S Frame - 2018,2018,Trek,Mountain Bikes
118,118,Trek X-Caliber 8 - 2018,2018,Trek,Mountain Bikes
119,119,Trek Kids' Neko - 2018,2018,Trek,Mountain Bikes
120,120,Trek Fuel EX 7 29 - 2018,2018,Trek,Mountain Bikes
121,121,Surly Krampus Frameset - 2018,2018,Surly,Mountain Bikes
122,122,Surly Troll Frameset - 2018,2018,Surly,Mountain Bikes
123,123,Trek Farley Carbon Frameset - 2018,2018,Trek,Mountain Bikes
124,124,Surly Krampus - 2018,2018,Surly,Mountain Bikes
125,125,Trek Kids' Dual Sport - 2018,2018,Trek,Mountain Bikes
126,126,Surly Big Fat Dummy Frameset - 2018,2018,Surly,Mountain Bikes
127,127,Surly Pack Rat Frameset - 2018,2018,Surly,Mountain Bikes
128,128,Surly ECR 27.5 - 2018,2018,Surly,Mountain Bikes
129,129,Trek X-Caliber 7 - 2018,2018,Trek,Mountain Bikes
130,130,Trek Stache Carbon Frameset - 2018,2018,Trek,Mountain Bikes
131,131,Heller Bloodhound Trail - 2018,2018,Heller,Mountain Bikes
132,132,Trek Procal AL Frameset - 2018,2018,Trek,Mountain Bikes
133,133,Trek Procaliber Frameset - 2018,2018,Trek,Mountain Bikes
134,134,Trek Remedy 27.5 C Frameset - 2018,2018,Trek,Mountain Bikes
135,135,Trek X-Caliber Frameset - 2018,2018,Trek,Mountain Bikes
136,136,Trek Procaliber 6 - 2018,2018,Trek,Mountain Bikes
137,137,Heller Shagamaw GX1 - 2018,2018,Heller,Mountain Bikes
138,138,Trek Fuel EX 5 Plus - 2018,2018,Trek,Mountain Bikes
139,139,Trek Remedy 7 27.5 - 2018,2018,Trek,Mountain Bikes
140,140,Trek Remedy 9.8 27.5 - 2018,2018,Trek,Mountain Bikes
141,141,Trek Stache 5 - 2018,2018,Trek,Mountain Bikes
142,142,Trek Fuel EX 8 29 XT - 2018,2018,Trek,Mountain Bikes
143,143,Trek Domane ALR 3 - 2018,2018,Trek,Road Bikes
144,144,Trek Domane ALR 4 Disc - 2018,2018,Trek,Road Bikes
145,145,Trek Domane ALR 5 Disc - 2018,2018,Trek,Road Bikes
146,146,Trek Domane SLR 6 - 2018,2018,Trek,Road Bikes
147,147,Trek Domane ALR 5 Gravel - 2018,2018,Trek,Road Bikes
148,148,Trek Domane SL 8 Disc - 2018,2018,Trek,Road Bikes
149,149,Trek Domane SLR 8 Disc - 2018,2018,Trek,Road Bikes
150,150,Trek Emonda SL 7 - 2018,2018,Trek,Road Bikes
151,151,Trek Domane ALR 4 Disc Women's - 2018,2018,Trek,Road Bikes
152,152,Trek Domane SL 5 Disc Women's - 2018,2018,Trek,Road Bikes
153,153,Trek Domane SL 7 Women's - 2018,2018,Trek,Road Bikes
154,154,Trek Domane SLR 6 Disc Women's - 2018,2018,Trek,Road Bikes
155,155,Trek Domane SLR 9 Disc - 2018,2018,Trek,Road Bikes
156,156,Trek Domane SL Frameset - 2018,2018,Trek,Road Bikes
157,157,Trek Domane SL Frameset Women's - 2018,2018,Trek,Road Bikes
158,158,Trek CrossRip 1 - 2018,2018,Trek,Road Bikes
159,159,Trek Emonda ALR 6 - 2018,2018,Trek,Road Bikes
160,160,Trek Emonda SLR 6 - 2018,2018,Trek,Road Bikes
161,161,Surly ECR - 2018,2018,Surly,Road Bikes
162,162,Trek Emonda SL 6 Disc - 2018,2018,Trek,Road Bikes
163,163,Surly Pack Rat - 2018,2018,Surly,Road Bikes
164,164,Surly Straggler 650b - 2018,2018,Surly,Road Bikes
165,165,Trek 1120 - 2018,2018,Trek,Road Bikes
166,166,Trek Domane AL 2 Women's - 2018,2018,Trek,Road Bikes
167,167,Surly ECR Frameset - 2018,2018,Surly,Road Bikes
168,168,Surly Straggler - 2018,2018,Surly,Road Bikes
169,169,Trek Emonda SLR 8 - 2018,2018,Trek,Road Bikes
170,170,Trek CrossRip 2 - 2018,2018,Trek,Road Bikes
171,171,Trek Domane SL 6 - 2018,2018,Trek,Road Bikes
172,172,Trek Domane ALR Disc Frameset - 2018,2018,Trek,Road Bikes
173,173,Trek Domane ALR Frameset - 2018,2018,Trek,Road Bikes
174,174,Trek Domane SLR Disc Frameset - 2018,2018,Trek,Road Bikes
175,175,Trek Domane SLR Frameset - 2018,2018,Trek,Road Bikes
176,176,Trek Madone 9 Frameset - 2018,2018,Trek,Road Bikes
177,177,Trek Domane SLR 6 Disc - 2018,2018,Trek,Road Bikes
178,178,Trek Domane AL 2 - 2018,2018,Trek,Road Bikes
179,179,Trek Domane AL 3 - 2018,2018,Trek,Road Bikes
180,180,Trek Domane AL 3 Women's - 2018,2018,Trek,Road Bikes
181,181,Trek Domane SL 5 - 2018,2018,Trek,Road Bikes
182,182,Trek Domane SL 5 Disc - 2018,2018,Trek,Road Bikes
183,183,Trek Domane SL 5 Women's - 2018,2018,Trek,Road Bikes
184,184,Trek Domane SL 6 Disc - 2018,2018,Trek,Road Bikes
185,185,Trek Conduit+ - 2018,2018,Trek,Electric Bikes
186,186,Trek CrossRip+ - 2018,2018,Trek,Electric Bikes
187,187,Trek Neko+ - 2018,2018,Trek,Electric Bikes
188,188,Trek XM700+ Lowstep - 2018,2018,Trek,Electric Bikes
189,189,Trek Lift+ Lowstep - 2018,2018,Trek,Electric Bikes
190,190,Trek Dual Sport+ - 2018,2018,Trek,Electric Bikes
191,191,Electra Loft Go! 8i - 2018,2018,Electra,Electric Bikes
192,192,Electra Townie Go! 8i - 2017/2018,2018,Electra,Electric Bikes
193,193,Trek Lift+ - 2018,2018,Trek,Electric Bikes
194,194,Trek XM700+ - 2018,2018,Trek,Electric Bikes
195,195,Electra Townie Go! 8i Ladies' - 2018,2018,Electra,Electric Bikes
196,196,Trek Verve+ - 2018,2018,Trek,Electric Bikes
197,197,Trek Verve+ Lowstep - 2018,2018,Trek,Electric Bikes
198,198,Electra Townie Commute Go! - 2018,2018,Electra,Electric Bikes
199,199,Electra Townie Commute Go! Ladies' - 2018,2018,Electra,Electric Bikes
200,200,Trek Powerfly 5 - 2018,2018,Trek,Electric Bikes
201,201,Trek Powerfly 5 FS - 2018,2018,Trek,Electric Bikes
202,202,Trek Powerfly 5 Women's - 2018,2018,Trek,Electric Bikes
203,203,Trek Powerfly 7 FS - 2018,2018,Trek,Electric Bikes
204,204,Trek Super Commuter+ 7 - 2018,2018,Trek,Electric Bikes
205,205,Trek Super Commuter+ 8S - 2018,2018,Trek,Electric Bikes
206,206,Trek Boone 5 Disc - 2018,2018,Trek,Cyclocross Bicycles
207,207,Trek Boone 7 Disc - 2018,2018,Trek,Cyclocross Bicycles
208,208,Trek Crockett 5 Disc - 2018,2018,Trek,Cyclocross Bicycles
209,209,Trek Crockett 7 Disc - 2018,2018,Trek,Cyclocross Bicycles
210,210,Surly Straggler - 2018,2018,Surly,Cyclocross Bicycles
211,211,Surly Straggler 650b - 2018,2018,Surly,Cyclocross Bicycles
212,212,Electra Townie Original 21D - 2018,2018,Electra,Cruisers Bicycles
213,213,Electra Cruiser 1 - 2016/2017/2018,2018,Electra,Cruisers Bicycles
214,214,Electra Tiger Shark 3i - 2018,2018,Electra,Cruisers Bicycles
215,215,Electra Queen of Hearts 3i - 2018,2018,Electra,Cruisers Bicycles
216,216,Electra Super Moto 8i - 2018,2018,Electra,Cruisers Bicycles
217,217,Electra Straight 8 3i - 2018,2018,Electra,Cruisers Bicycles
218,218,Electra Cruiser 7D - 2016/2017/2018,2018,Electra,Cruisers Bicycles
219,219,Electra Moto 3i - 2018,2018,Electra,Cruisers Bicycles
220,220,Electra Cruiser 1 Ladies' - 2018,2018,Electra,Cruisers Bicycles
221,221,Electra Cruiser 7D Ladies' - 2016/2018,2018,Electra,Cruisers Bicycles
222,222,Electra Cruiser 1 Tall - 2016/2018,2018,Electra,Cruisers Bicycles
223,223,Electra Cruiser Lux 3i - 2018,2018,Electra,Cruisers Bicycles
224,224,Electra Cruiser Lux 7D - 2018,2018,Electra,Cruisers Bicycles
225,225,Electra Delivery 3i - 2016/2017/2018,2018,Electra,Cruisers Bicycles
226,226,Electra Townie Original 21D EQ - 2017/2018,2018,Electra,Cruisers Bicycles
227,227,Electra Cruiser 7D (24-Inch) Ladies' - 2016/2018,2018,Electra,Cruisers Bicycles
228,228,Electra Cruiser 7D Tall - 2016/2018,2018,Electra,Cruisers Bicycles
229,229,Electra Cruiser Lux 1 - 2016/2018,2018,Electra,Cruisers Bicycles
230,230,Electra Cruiser Lux 1 Ladies' - 2018,2018,Electra,Cruisers Bicycles
231,231,Electra Cruiser Lux 3i Ladies' - 2018,2018,Electra,Cruisers Bicycles
232,232,Electra Cruiser Lux 7D Ladies' - 2018,2018,Electra,Cruisers Bicycles
233,233,Electra Cruiser Lux Fat Tire 7D - 2018,2018,Electra,Cruisers Bicycles
234,234,Electra Daydreamer 3i Ladies' - 2018,2018,Electra,Cruisers Bicycles
235,235,Electra Koa 3i Ladies' - 2018,2018,Electra,Cruisers Bicycles
236,236,Electra Morningstar 3i Ladies' - 2018,2018,Electra,Cruisers Bicycles
237,237,Electra Relic 3i - 2018,2018,Electra,Cruisers Bicycles
238,238,Electra Townie Balloon 8D EQ - 2016/2017/2018,2018,Electra,Cruisers Bicycles
239,239,Electra Townie Balloon 8D EQ Ladies' - 2016/2017/2018,2018,Electra,Cruisers Bicycles
240,240,Electra Townie Commute 27D Ladies - 2018,2018,Electra,Cruisers Bicycles
241,241,Electra Townie Commute 8D - 2018,2018,Electra,Cruisers Bicycles
242,242,Electra Townie Commute 8D Ladies' - 2018,2018,Electra,Cruisers Bicycles
243,243,Electra Townie Original 21D EQ Ladies' - 2018,2018,Electra,Cruisers Bicycles
244,244,Electra Townie Original 21D Ladies' - 2018,2018,Electra,Cruisers Bicycles
245,245,Electra Townie Original 3i EQ - 2017/2018,2018,Electra,Cruisers Bicycles
246,246,Electra Townie Original 3i EQ Ladies' - 2018,2018,Electra,Cruisers Bicycles
247,247,Electra Townie Original 7D EQ - 2018,2018,Electra,Cruisers Bicycles
248,248,Electra Townie Original 7D EQ Ladies' - 2017/2018,2018,Electra,Cruisers Bicycles
249,249,Electra White Water 3i - 2018,2018,Electra,Cruisers Bicycles
250,250,Electra Townie Go! 8i - 2017/2018,2018,Electra,Cruisers Bicycles
251,251,Electra Townie Commute Go! - 2018,2018,Electra,Cruisers Bicycles
252,252,Electra Townie Commute Go! Ladies' - 2018,2018,Electra,Cruisers Bicycles
253,253,Electra Townie Go! 8i Ladies' - 2018,2018,Electra,Cruisers Bicycles
254,254,Electra Townie Balloon 3i EQ - 2017/2018,2018,Electra,Cruisers Bicycles
255,255,Electra Townie Balloon 7i EQ Ladies' - 2017/2018,2018,Electra,Cruisers Bicycles
256,256,Electra Townie Commute 27D - 2018,2018,Electra,Cruisers Bicycles
257,257,Electra Amsterdam Fashion 3i Ladies' - 2017/2018,2018,Electra,Cruisers Bicycles
258,258,Electra Amsterdam Royal 8i - 2017/2018,2018,Electra,Cruisers Bicycles
259,259,Electra Amsterdam Royal 8i Ladies - 2018,2018,Electra,Cruisers Bicycles
260,260,Electra Townie Balloon 3i EQ Ladies' - 2018,2018,Electra,Cruisers Bicycles
261,261,Electra Townie Balloon 7i EQ - 2018,2018,Electra,Cruisers Bicycles
262,262,Trek MT 201 - 2018,2018,Trek,Children Bicycles
263,263,Strider Classic 12 Balance Bike - 2018,2018,Strider,Children Bicycles
264,264,Strider Sport 16 - 2018,2018,Strider,Children Bicycles
265,265,Strider Strider 20 Sport - 2018,2018,Strider,Children Bicycles
266,266,Trek Superfly 20 - 2018,2018,Trek,Children Bicycles
267,267,Trek Precaliber 12 Girl's - 2018,2018,Trek,Children Bicycles
268,268,Trek Kickster - 2018,2018,Trek,Children Bicycles
269,269,Trek Precaliber 12 Boy's - 2018,2018,Trek,Children Bicycles
270,270,Trek Precaliber 16 Boy's - 2018,2018,Trek,Children Bicycles
271,271,Trek Precaliber 16 Girl's - 2018,2018,Trek,Children Bicycles
272,272,Trek Precaliber 20 6-speed Boy's - 2018,2018,Trek,Children Bicycles
273,273,Trek Precaliber 20 6-speed Girl's - 2018,2018,Trek,Children Bicycles
274,274,Trek Precaliber 20 Boy's - 2018,2018,Trek,Children Bicycles
275,275,Trek Precaliber 20 Girl's - 2018,2018,Trek,Children Bicycles
276,276,Trek Precaliber 24 (7-Speed) - Boys - 2018,2018,Trek,Children Bicycles
277,277,Trek Precaliber 24 21-speed Boy's - 2018,2018,Trek,Children Bicycles
278,278,Trek Precaliber 24 21-speed Girl's - 2018,2018,Trek,Children Bicycles
279,279,Trek Precaliber 24 7-speed Girl's - 2018,2018,Trek,Children Bicycles
280,280,Trek Superfly 24 - 2017/2018,2018,Trek,Children Bicycles
281,281,Electra Cruiser 7D (24-Inch) Ladies' - 2016/2018,2018,Electra,Children Bicycles
282,282,Electra Cyclosaurus 1 (16-inch) - Boy's - 2018,2018,Electra,Children Bicycles
283,283,Electra Heartchya 1 (20-inch) - Girl's - 2018,2018,Electra,Children Bicycles
284,284,Electra Savannah 1 (20-inch) - Girl's - 2018,2018,Electra,Children Bicycles
285,285,Electra Soft Serve 1 (16-inch) - Girl's - 2018,2018,Electra,Children Bicycles
286,286,"Electra Starship 1 16"" - 2018",2018,Electra,Children Bicycles
287,287,Electra Straight 8 1 (16-inch) - Boy's - 2018,2018,Electra,Children Bicycles
288,288,Electra Straight 8 1 (20-inch) - Boy's - 2018,2018,Electra,Children Bicycles
289,289,"Electra Superbolt 1 20"" - 2018",2018,Electra,Children Bicycles
290,290,"Electra Superbolt 3i 20"" - 2018",2018,Electra,Children Bicycles
291,291,Electra Sweet Ride 1 (20-inch) - Girl's - 2018,2018,Electra,Children Bicycles
292,292,Electra Sweet Ride 3i (20-inch) - Girls' - 2018,2018,Electra,Children Bicycles
293,293,Electra Tiger Shark 1 (20-inch) - Boys' - 2018,2018,Electra,Children Bicycles
294,294,Electra Tiger Shark 3i (20-inch) - Boys' - 2018,2018,Electra,Children Bicycles
295,295,"Electra Treasure 1 20"" - 2018",2018,Electra,Children Bicycles
296,296,"Electra Treasure 3i 20"" - 2018",2018,Electra,Children Bicycles
297,297,"Electra Under-The-Sea 1 16"" - 2018",2018,Electra,Children Bicycles
298,298,Electra Water Lily 1 (16-inch) - Girl's - 2018,2018,Electra,Children Bicycles
299,299,Electra Townie Original 21D - 2018,2018,Electra,Comfort Bicycles
300,300,Electra Townie Balloon 3i EQ Ladies' - 2018,2018,Electra,Comfort Bicycles
301,301,Electra Townie Balloon 7i EQ - 2018,2018,Electra,Comfort Bicycles
302,302,Electra Townie Original 1 - 2018,2018,Electra,Comfort Bicycles
303,303,Electra Townie Go! 8i - 2017/2018,2018,Electra,Comfort Bicycles
304,304,Electra Townie Original 21D EQ - 2017/2018,2018,Electra,Comfort Bicycles
305,305,Electra Townie Balloon 3i EQ - 2017/2018,2018,Electra,Comfort Bicycles
306,306,Electra Townie Balloon 7i EQ Ladies' - 2017/2018,2018,Electra,Comfort Bicycles
307,307,Electra Townie Balloon 8D EQ - 2016/2017/2018,2018,Electra,Comfort Bicycles
308,308,Electra Townie Balloon 8D EQ Ladies' - 2016/2017/2018,2018,Electra,Comfort Bicycles
309,309,Electra Townie Commute 27D - 2018,2018,Electra,Comfort Bicycles
310,310,Electra Townie Commute 27D Ladies - 2018,2018,Electra,Comfort Bicycles
311,311,Electra Townie Commute 8D - 2018,2018,Electra,Comfort Bicycles
312,312,Electra Townie Commute 8D Ladies' - 2018,2018,Electra,Comfort Bicycles
313,313,Electra Townie Original 1 Ladies' - 2018,2018,Electra,Comfort Bicycles
314,314,Electra Townie Original 21D EQ Ladies' - 2018,2018,Electra,Comfort Bicycles
315,315,Electra Townie Original 21D Ladies' - 2018,2018,Electra,Comfort Bicycles
316,316,Trek Checkpoint ALR 4 Women's - 2019,2019,Trek,Road Bikes
317,317,Trek Checkpoint ALR 5 - 2019,2019,Trek,Road Bikes
318,318,Trek Checkpoint ALR 5 Women's - 2019,2019,Trek,Road Bikes
319,319,Trek Checkpoint SL 5 Women's - 2019,2019,Trek,Road Bikes
320,320,Trek Checkpoint SL 6 - 2019,2019,Trek,Road Bikes
321,321,Trek Checkpoint ALR Frameset - 2019,2019,Trek,Road Bikes
